Time,II,PLETH
08:22:15.92,0.003,0.866
08:22:15.922,0.003,0.866
08:22:15.924,0.003,0.866
08:22:15.926,0.034,0.866
08:22:15.928,0.034,0.842
08:22:15.93,0.034,0.842
08:22:15.932,0.003,0.842
08:22:15.934,0.034,0.842
08:22:15.936,0.034,0.818
08:22:15.938,0.034,0.818
08:22:15.94,0.003,0.818
08:22:15.942,0.003,0.818
08:22:15.944,0.003,0.770
08:22:15.946,0.003,0.770
08:22:15.948,0.003,0.770
08:22:15.95,0.003,0.770
08:22:15.952,0.003,0.731
08:22:15.954,0.003,0.731
08:22:15.956,0.003,0.731
08:22:15.958,-0.030,0.731
08:22:15.96,0.003,0.682
08:22:15.962,0.003,0.682
08:22:15.964,0.003,0.682
08:22:15.966,-0.030,0.682
08:22:15.968,-0.030,0.627
08:22:15.97,-0.030,0.627
08:22:15.972,-0.030,0.627
08:22:15.974,-0.030,0.627
08:22:15.976,-0.030,0.555
08:22:15.978,-0.030,0.555
08:22:15.98,0.003,0.555
08:22:15.982,0.003,0.555
08:22:15.984,0.003,0.500
08:22:15.986,0.003,0.500
08:22:15.988,0.003,0.500
08:22:15.99,-0.030,0.500
08:22:15.992,-0.030,0.421
08:22:15.994,-0.030,0.421
08:22:15.996,-0.030,0.421
08:22:15.998,-0.030,0.421
08:22:16,0.003,0.357
08:22:16.002,0.003,0.357
08:22:16.004,0.003,0.357
08:22:16.006,0.003,0.357
08:22:16.008,0.003,0.294
08:22:16.01,0.034,0.294
08:22:16.012,0.034,0.294
08:22:16.014,0.034,0.294
08:22:16.016,0.034,0.246
08:22:16.018,0.067,0.246
08:22:16.02,0.067,0.246
08:22:16.022,0.099,0.246
08:22:16.024,0.099,0.199
08:22:16.026,0.099,0.199
08:22:16.028,0.067,0.199
08:22:16.03,0.067,0.199
08:22:16.032,0.003,0.174
08:22:16.034,0.003,0.174
08:22:16.036,-0.062,0.174
08:22:16.038,-0.160,0.174
08:22:16.04,-0.226,0.135
08:22:16.042,-0.323,0.135
08:22:16.044,-0.421,0.135
08:22:16.046,-0.485,0.135
08:22:16.048,-0.550,0.103
08:22:16.05,-0.681,0.103
08:22:16.052,-0.844,0.103
08:22:16.054,-1.071,0.103
08:22:16.056,-1.234,0.080
08:22:16.058,-1.332,0.080
08:22:16.06,-1.429,0.080
08:22:16.062,-1.494,0.080
08:22:16.064,-1.527,0.048
08:22:16.066,-1.527,0.048
08:22:16.068,-1.527,0.048
08:22:16.07,-1.461,0.048
08:22:16.072,-1.429,0.000
08:22:16.074,-1.396,0.000
08:22:16.076,-1.365,0.000
08:22:16.078,-1.300,0.000
08:22:16.08,-1.234,-0.032
08:22:16.082,-1.136,-0.032
08:22:16.084,-1.039,-0.032
08:22:16.086,-0.973,-0.032
08:22:16.088,-0.877,-0.071
08:22:16.09,-0.779,-0.071
08:22:16.092,-0.681,-0.071
08:22:16.094,-0.616,-0.071
08:22:16.096,-0.518,-0.103
08:22:16.098,-0.454,-0.103
08:22:16.1,-0.356,-0.103
08:22:16.102,-0.291,-0.103
08:22:16.104,-0.226,-0.135
08:22:16.106,-0.193,-0.135
08:22:16.108,-0.160,-0.135
08:22:16.11,-0.160,-0.135
08:22:16.112,-0.128,-0.167
08:22:16.114,-0.095,-0.167
08:22:16.116,-0.095,-0.167
08:22:16.118,-0.062,-0.167
08:22:16.12,-0.062,-0.191
08:22:16.122,-0.030,-0.191
08:22:16.124,-0.030,-0.191
08:22:16.126,0.003,-0.191
08:22:16.128,0.003,-0.206
08:22:16.13,0.003,-0.206
08:22:16.132,0.003,-0.206
08:22:16.134,0.034,-0.206
08:22:16.136,0.067,-0.222
08:22:16.138,0.099,-0.222
08:22:16.14,0.132,-0.222
08:22:16.142,0.165,-0.222
08:22:16.144,0.165,-0.246
08:22:16.146,0.197,-0.246
08:22:16.148,0.197,-0.246
08:22:16.15,0.230,-0.246
08:22:16.152,0.263,-0.262
08:22:16.154,0.295,-0.262
08:22:16.156,0.295,-0.262
08:22:16.158,0.295,-0.262
08:22:16.16,0.295,-0.285
08:22:16.162,0.295,-0.285
08:22:16.164,0.328,-0.285
08:22:16.166,0.328,-0.285
08:22:16.168,0.328,-0.293
08:22:16.17,0.328,-0.293
08:22:16.172,0.328,-0.293
08:22:16.174,0.361,-0.293
08:22:16.176,0.361,-0.318
08:22:16.178,0.361,-0.318
08:22:16.18,0.393,-0.318
08:22:16.182,0.393,-0.318
08:22:16.184,0.393,-0.334
08:22:16.186,0.426,-0.334
08:22:16.188,0.426,-0.334
08:22:16.19,0.426,-0.334
08:22:16.192,0.426,-0.357
08:22:16.194,0.458,-0.357
08:22:16.196,0.458,-0.357
08:22:16.198,0.490,-0.357
08:22:16.2,0.522,-0.381
08:22:16.202,0.522,-0.381
08:22:16.204,0.555,-0.381
08:22:16.206,0.555,-0.381
08:22:16.208,0.588,-0.397
08:22:16.21,0.620,-0.397
08:22:16.212,0.620,-0.397
08:22:16.214,0.620,-0.397
08:22:16.216,0.620,-0.420
08:22:16.218,0.653,-0.420
08:22:16.22,0.653,-0.420
08:22:16.222,0.685,-0.420
08:22:16.224,0.718,-0.436
08:22:16.226,0.751,-0.436
08:22:16.228,0.783,-0.436
08:22:16.23,0.816,-0.436
08:22:16.232,0.849,-0.461
08:22:16.234,0.881,-0.461
08:22:16.236,0.914,-0.461
08:22:16.238,0.945,-0.461
08:22:16.24,0.978,-0.476
08:22:16.242,0.978,-0.476
08:22:16.244,0.978,-0.476
08:22:16.246,1.010,-0.476
08:22:16.248,1.010,-0.500
08:22:16.25,1.043,-0.500
08:22:16.252,1.043,-0.500
08:22:16.254,1.043,-0.500
08:22:16.256,1.076,-0.516
08:22:16.258,1.076,-0.516
08:22:16.26,1.108,-0.516
08:22:16.262,1.108,-0.516
08:22:16.264,1.108,-0.524
08:22:16.266,1.108,-0.524
08:22:16.268,1.108,-0.524
08:22:16.27,1.076,-0.524
08:22:16.272,1.043,-0.539
08:22:16.274,1.010,-0.539
08:22:16.276,1.010,-0.539
08:22:16.278,0.978,-0.539
08:22:16.28,0.945,-0.555
08:22:16.282,0.914,-0.555
08:22:16.284,0.881,-0.555
08:22:16.286,0.849,-0.555
08:22:16.288,0.783,-0.555
08:22:16.29,0.751,-0.555
08:22:16.292,0.718,-0.555
08:22:16.294,0.685,-0.555
08:22:16.296,0.653,-0.555
08:22:16.298,0.620,-0.555
08:22:16.3,0.555,-0.555
08:22:16.302,0.522,-0.555
08:22:16.304,0.522,-0.547
08:22:16.306,0.490,-0.547
08:22:16.308,0.458,-0.547
08:22:16.31,0.426,-0.547
08:22:16.312,0.361,-0.531
08:22:16.314,0.328,-0.531
08:22:16.316,0.328,-0.531
08:22:16.318,0.295,-0.531
08:22:16.32,0.263,-0.494
08:22:16.322,0.230,-0.494
08:22:16.324,0.230,-0.494
08:22:16.326,0.230,-0.494
08:22:16.328,0.197,-0.459
08:22:16.33,0.165,-0.459
08:22:16.332,0.165,-0.459
08:22:16.334,0.132,-0.459
08:22:16.336,0.099,-0.424
08:22:16.338,0.067,-0.424
08:22:16.34,0.067,-0.424
08:22:16.342,0.034,-0.424
08:22:16.344,0.034,-0.376
08:22:16.346,0.003,-0.376
08:22:16.348,0.003,-0.376
08:22:16.35,0.003,-0.376
08:22:16.352,0.003,-0.313
08:22:16.354,0.003,-0.313
08:22:16.356,0.003,-0.313
08:22:16.358,0.003,-0.313
08:22:16.36,0.003,-0.258
08:22:16.362,0.003,-0.258
08:22:16.364,0.003,-0.258
08:22:16.366,-0.030,-0.258
08:22:16.368,-0.030,-0.195
08:22:16.37,0.003,-0.195
08:22:16.372,0.003,-0.195
08:22:16.374,0.003,-0.195
08:22:16.376,0.003,-0.146
08:22:16.378,0.003,-0.146
08:22:16.38,-0.030,-0.146
08:22:16.382,0.003,-0.146
08:22:16.384,0.003,-0.090
08:22:16.386,0.003,-0.090
08:22:16.388,0.003,-0.090
08:22:16.39,0.003,-0.090
08:22:16.392,0.003,-0.056
08:22:16.394,0.003,-0.056
08:22:16.396,0.003,-0.056
08:22:16.398,0.003,-0.056
08:22:16.4,0.003,-0.035
08:22:16.402,0.003,-0.035
08:22:16.404,0.003,-0.035
08:22:16.406,-0.030,-0.035
08:22:16.408,-0.030,-0.014
08:22:16.41,-0.030,-0.014
08:22:16.412,-0.030,-0.014
08:22:16.414,-0.030,-0.014
08:22:16.416,-0.030,-0.014
08:22:16.418,-0.030,-0.014
08:22:16.42,-0.030,-0.014
08:22:16.422,-0.030,-0.014
08:22:16.424,-0.030,-0.021
08:22:16.426,-0.030,-0.021
08:22:16.428,-0.062,-0.021
08:22:16.43,-0.062,-0.021
08:22:16.432,-0.062,-0.021
08:22:16.434,-0.062,-0.021
08:22:16.436,-0.062,-0.021
08:22:16.438,-0.095,-0.021
08:22:16.44,-0.095,-0.035
08:22:16.442,-0.095,-0.035
08:22:16.444,-0.095,-0.035
08:22:16.446,-0.095,-0.035
08:22:16.448,-0.095,-0.056
08:22:16.45,-0.095,-0.056
08:22:16.452,-0.095,-0.056
08:22:16.454,-0.095,-0.056
08:22:16.456,-0.128,-0.090
08:22:16.458,-0.128,-0.090
08:22:16.46,-0.128,-0.090
08:22:16.462,-0.128,-0.090
08:22:16.464,-0.128,-0.125
08:22:16.466,-0.095,-0.125
08:22:16.468,-0.095,-0.125
08:22:16.47,-0.095,-0.125
08:22:16.472,-0.095,-0.160
08:22:22.772,-0.030,0.647
08:22:22.774,-0.030,0.647
08:22:22.776,-0.030,0.590
08:22:22.778,-0.030,0.590
08:22:22.78,0.003,0.590
08:22:22.782,-0.030,0.590
08:22:22.784,-0.030,0.524
08:22:22.786,-0.030,0.524
08:22:22.788,-0.030,0.524
08:22:22.79,-0.030,0.524
08:22:22.792,-0.030,0.459
08:22:22.794,-0.030,0.459
08:22:22.796,-0.062,0.459
08:22:22.798,-0.062,0.459
08:22:22.8,-0.062,0.409
08:22:22.802,-0.062,0.409
08:22:22.804,-0.062,0.409
08:22:22.806,-0.062,0.409
08:22:22.808,-0.062,0.352
08:22:22.81,-0.062,0.352
08:22:22.812,-0.062,0.352
08:22:22.814,-0.062,0.352
08:22:22.816,-0.030,0.311
08:22:22.818,-0.030,0.311
08:22:22.82,-0.030,0.311
08:22:22.822,-0.030,0.311
08:22:22.824,0.003,0.270
08:22:22.826,0.003,0.270
08:22:22.828,0.003,0.270
08:22:22.83,0.003,0.270
08:22:22.832,0.003,0.230
08:22:22.834,0.003,0.230
08:22:22.836,0.003,0.230
08:22:22.838,0.003,0.230
08:22:22.84,0.034,0.197
08:22:22.842,0.034,0.197
08:22:22.844,0.003,0.197
08:22:22.846,0.003,0.197
08:22:22.848,0.003,0.155
08:22:22.85,0.003,0.155
08:22:22.852,-0.030,0.155
08:22:22.854,-0.030,0.155
08:22:22.856,-0.062,0.131
08:22:22.858,-0.128,0.131
08:22:22.86,-0.193,0.131
08:22:22.862,-0.291,0.131
08:22:22.864,-0.323,0.106
08:22:22.866,-0.389,0.106
08:22:22.868,-0.454,0.106
08:22:22.87,-0.518,0.106
08:22:22.872,-0.616,0.082
08:22:22.874,-0.812,0.082
08:22:22.876,-1.006,0.082
08:22:22.878,-1.169,0.082
08:22:22.88,-1.300,0.049
08:22:22.882,-1.396,0.049
08:22:22.884,-1.429,0.049
08:22:22.886,-1.461,0.049
08:22:22.888,-1.527,0.033
08:22:22.89,-1.527,0.033
08:22:22.892,-1.527,0.033
08:22:22.894,-1.494,0.033
08:22:22.896,-1.494,0.008
08:22:22.898,-1.461,0.008
08:22:22.9,-1.429,0.008
08:22:22.902,-1.365,0.008
08:22:22.904,-1.267,-0.017
08:22:22.906,-1.202,-0.017
08:22:22.908,-1.104,-0.017
08:22:22.91,-1.006,-0.017
08:22:22.912,-0.909,-0.041
08:22:22.914,-0.844,-0.041
08:22:22.916,-0.746,-0.041
08:22:22.918,-0.681,-0.041
08:22:22.92,-0.616,-0.058
08:22:22.922,-0.550,-0.058
08:22:22.924,-0.485,-0.058
08:22:22.926,-0.454,-0.058
08:22:22.928,-0.389,-0.082
08:22:22.93,-0.323,-0.082
08:22:22.932,-0.291,-0.082
08:22:22.934,-0.258,-0.082
08:22:22.936,-0.226,-0.098
08:22:22.938,-0.193,-0.098
08:22:22.94,-0.160,-0.098
08:22:22.942,-0.160,-0.098
08:22:22.944,-0.095,-0.123
08:22:22.946,-0.095,-0.123
08:22:22.948,-0.095,-0.123
08:22:22.95,-0.062,-0.123
08:22:22.952,-0.062,-0.147
08:22:22.954,-0.030,-0.147
08:22:22.956,0.003,-0.147
08:22:22.958,0.003,-0.147
08:22:22.96,0.034,-0.180
08:22:22.962,0.067,-0.180
08:22:22.964,0.099,-0.180
08:22:22.966,0.132,-0.180
08:22:22.968,0.165,-0.197
08:22:22.97,0.165,-0.197
08:22:22.972,0.197,-0.197
08:22:22.974,0.197,-0.197
08:22:22.976,0.197,-0.197
08:22:22.978,0.197,-0.197
08:22:22.98,0.197,-0.197
08:22:22.982,0.230,-0.197
08:22:22.984,0.230,-0.221
08:22:22.986,0.230,-0.221
08:22:22.988,0.263,-0.221
08:22:22.99,0.263,-0.221
08:22:22.992,0.263,-0.237
08:22:22.994,0.263,-0.237
08:22:22.996,0.295,-0.237
08:22:22.998,0.295,-0.237
08:22:23,0.295,-0.262
08:22:23.002,0.295,-0.262
08:22:23.004,0.295,-0.262
08:22:23.006,0.295,-0.262
08:22:23.008,0.295,-0.286
08:22:23.01,0.295,-0.286
08:22:23.012,0.295,-0.286
08:22:23.014,0.328,-0.286
08:22:23.016,0.328,-0.295
08:22:23.018,0.328,-0.295
08:22:23.02,0.328,-0.295
08:22:23.022,0.361,-0.295
08:22:23.024,0.393,-0.328
08:22:23.026,0.393,-0.328
08:22:23.028,0.426,-0.328
08:22:23.03,0.426,-0.328
08:22:23.032,0.458,-0.352
08:22:23.034,0.458,-0.352
08:22:23.036,0.490,-0.352
08:22:23.038,0.522,-0.352
08:22:23.04,0.555,-0.360
08:22:23.042,0.555,-0.360
08:22:23.044,0.588,-0.360
08:22:23.046,0.588,-0.360
08:22:23.048,0.620,-0.385
08:22:23.05,0.653,-0.385
08:22:23.052,0.685,-0.385
08:22:23.054,0.685,-0.385
08:22:23.056,0.718,-0.393
08:22:23.058,0.751,-0.393
08:22:23.06,0.783,-0.393
08:22:23.062,0.783,-0.393
08:22:23.064,0.849,-0.417
08:22:23.066,0.849,-0.417
08:22:23.068,0.881,-0.417
08:22:23.07,0.914,-0.417
08:22:23.072,0.914,-0.434
08:22:23.074,0.945,-0.434
08:22:23.076,0.945,-0.434
08:22:23.078,0.945,-0.434
08:22:23.08,0.945,-0.434
08:22:23.082,0.945,-0.434
08:22:23.084,0.945,-0.434
08:22:23.086,0.945,-0.434
08:22:23.088,0.945,-0.451
08:22:23.09,0.914,-0.451
08:22:23.092,0.914,-0.451
08:22:23.094,0.914,-0.451
08:22:23.096,0.881,-0.467
08:22:23.098,0.881,-0.467
08:22:23.1,0.881,-0.467
08:22:23.102,0.849,-0.467
08:22:23.104,0.816,-0.475
08:22:23.106,0.783,-0.475
08:22:23.108,0.751,-0.475
08:22:23.11,0.718,-0.475
08:22:23.112,0.685,-0.483
08:22:23.114,0.653,-0.483
08:22:23.116,0.620,-0.483
08:22:23.118,0.588,-0.483
08:22:23.12,0.588,-0.467
08:22:23.122,0.555,-0.467
08:22:23.124,0.522,-0.467
08:22:23.126,0.490,-0.467
08:22:23.128,0.458,-0.467
08:22:23.13,0.426,-0.467
08:22:23.132,0.426,-0.467
08:22:23.134,0.393,-0.467
08:22:23.136,0.361,-0.451
08:22:23.138,0.328,-0.451
08:22:23.14,0.295,-0.451
08:22:23.142,0.295,-0.451
08:22:23.144,0.230,-0.409
08:22:23.146,0.197,-0.409
08:22:23.148,0.197,-0.409
08:22:23.15,0.165,-0.409
08:22:23.152,0.132,-0.368
08:22:23.154,0.099,-0.368
08:22:23.156,0.099,-0.368
08:22:23.158,0.067,-0.368
08:22:23.16,0.034,-0.311
08:22:23.162,0.003,-0.311
08:22:23.164,0.003,-0.311
08:22:23.166,0.003,-0.311
08:22:23.168,-0.030,-0.245
08:22:23.17,-0.030,-0.245
08:22:23.172,-0.062,-0.245
08:22:23.174,-0.062,-0.245
08:22:23.176,-0.062,-0.172
08:22:23.178,-0.095,-0.172
08:22:23.18,-0.095,-0.172
08:22:23.182,-0.128,-0.172
08:22:23.184,-0.128,-0.090
08:22:23.186,-0.160,-0.090
08:22:23.188,-0.160,-0.090
08:22:23.19,-0.160,-0.090
08:22:23.192,-0.160,-0.017
08:22:23.194,-0.193,-0.017
08:22:23.196,-0.160,-0.017
08:22:23.198,-0.193,-0.017
08:22:23.2,-0.193,0.066
08:22:23.202,-0.193,0.066
08:22:23.204,-0.193,0.066
08:22:23.206,-0.193,0.066
08:22:23.208,-0.193,0.115
08:22:23.21,-0.193,0.115
08:22:23.212,-0.193,0.115
08:22:23.214,-0.193,0.115
08:22:23.216,-0.193,0.180
08:22:23.218,-0.193,0.180
08:22:23.22,-0.193,0.180
08:22:23.222,-0.193,0.180
08:22:23.224,-0.226,0.221
08:22:23.226,-0.226,0.221
08:22:23.228,-0.226,0.221
08:22:23.23,-0.193,0.221
08:22:23.232,-0.193,0.254
08:22:23.234,-0.193,0.254
08:22:23.236,-0.193,0.254
08:22:23.238,-0.193,0.254
08:22:23.24,-0.193,0.270
08:22:23.242,-0.193,0.270
08:22:23.244,-0.193,0.270
08:22:23.246,-0.193,0.270
08:22:23.248,-0.193,0.270
08:22:23.25,-0.193,0.270
08:22:23.252,-0.193,0.270
08:22:23.254,-0.193,0.270
08:22:23.256,-0.193,0.270
08:22:23.258,-0.193,0.270
08:22:23.26,-0.193,0.270
08:22:23.262,-0.193,0.270
08:22:23.264,-0.193,0.245
08:22:23.266,-0.193,0.245
08:22:23.268,-0.193,0.245
08:22:23.27,-0.193,0.245
08:22:23.272,-0.193,0.213
08:22:23.274,-0.160,0.213
08:22:23.276,-0.160,0.213
08:22:23.278,-0.160,0.213
08:22:23.28,-0.160,0.189
08:22:23.282,-0.160,0.189
08:22:23.284,-0.160,0.189
08:22:23.286,-0.160,0.189
08:22:23.288,-0.128,0.131
08:22:23.29,-0.128,0.131
08:22:23.292,-0.128,0.131
08:22:23.294,-0.128,0.131
08:22:23.296,-0.128,0.082
08:22:23.298,-0.128,0.082
08:22:23.3,-0.095,0.082
08:22:23.302,-0.095,0.082
08:22:23.304,-0.095,0.041
08:22:23.306,-0.095,0.041
08:22:23.308,-0.095,0.041
08:22:23.31,-0.095,0.041
08:22:23.312,-0.095,-0.017
08:22:23.314,-0.062,-0.017
08:22:23.316,-0.062,-0.017
08:22:23.318,-0.062,-0.017
08:22:23.32,-0.062,-0.058
08:22:23.322,-0.062,-0.058
08:22:23.324,-0.062,-0.058
08:22:23.326,-0.062,-0.058
08:22:23.328,-0.062,-0.115
08:22:23.33,-0.062,-0.115
08:22:25.254,-0.095,0.117
08:22:25.256,-0.095,0.081
08:22:25.258,-0.062,0.081
08:22:25.26,-0.095,0.081
08:22:25.262,-0.062,0.081
08:22:25.264,-0.062,0.037
08:22:25.266,-0.062,0.037
08:22:25.268,-0.062,0.037
08:22:25.27,-0.095,0.037
08:22:25.272,-0.095,0.000
08:22:25.274,-0.128,0.000
08:22:25.276,-0.128,0.000
08:22:25.278,-0.128,0.000
08:22:25.28,-0.095,-0.043
08:22:25.282,-0.095,-0.043
08:22:25.284,-0.095,-0.043
08:22:25.286,-0.095,-0.043
08:22:25.288,-0.095,-0.069
08:22:25.29,-0.095,-0.069
08:22:25.292,-0.095,-0.069
08:22:25.294,-0.062,-0.069
08:22:25.296,-0.095,-0.100
08:22:25.298,-0.095,-0.100
08:22:25.3,-0.095,-0.100
08:22:25.302,-0.095,-0.100
08:22:25.304,-0.095,-0.137
08:22:25.306,-0.095,-0.137
08:22:25.308,-0.095,-0.137
08:22:25.31,-0.095,-0.137
08:22:25.312,-0.095,-0.155
08:22:25.314,-0.095,-0.155
08:22:25.316,-0.062,-0.155
08:22:25.318,-0.062,-0.155
08:22:25.32,-0.062,-0.180
08:22:25.322,-0.062,-0.180
08:22:25.324,-0.062,-0.180
08:22:25.326,-0.062,-0.180
08:22:25.328,-0.062,-0.193
08:22:25.33,-0.062,-0.193
08:22:25.332,-0.062,-0.193
08:22:25.334,-0.062,-0.193
08:22:25.336,-0.030,-0.205
08:22:25.338,-0.030,-0.205
08:22:25.34,0.003,-0.205
08:22:25.342,0.003,-0.205
08:22:25.344,0.003,-0.217
08:22:25.346,0.003,-0.217
08:22:25.348,0.034,-0.217
08:22:25.35,0.034,-0.217
08:22:25.352,0.067,-0.236
08:22:25.354,0.067,-0.236
08:22:25.356,0.067,-0.236
08:22:25.358,0.067,-0.236
08:22:25.36,0.034,-0.242
08:22:25.362,0.034,-0.242
08:22:25.364,0.003,-0.242
08:22:25.366,0.003,-0.242
08:22:25.368,-0.030,-0.242
08:22:25.37,-0.062,-0.242
08:22:25.372,-0.095,-0.242
08:22:25.374,-0.160,-0.242
08:22:25.376,-0.226,-0.255
08:22:25.378,-0.291,-0.255
08:22:25.38,-0.356,-0.255
08:22:25.382,-0.389,-0.255
08:22:25.384,-0.454,-0.261
08:22:25.386,-0.518,-0.261
08:22:25.388,-0.681,-0.261
08:22:25.39,-0.877,-0.261
08:22:25.392,-1.104,-0.261
08:22:25.394,-1.202,-0.261
08:22:25.396,-1.300,-0.261
08:22:25.398,-1.365,-0.261
08:22:25.4,-1.429,-0.267
08:22:25.402,-1.461,-0.267
08:22:25.404,-1.461,-0.267
08:22:25.406,-1.461,-0.267
08:22:25.408,-1.429,-0.280
08:22:25.41,-1.396,-0.280
08:22:25.412,-1.396,-0.280
08:22:25.414,-1.365,-0.280
08:22:25.416,-1.332,-0.285
08:22:25.418,-1.234,-0.285
08:22:25.42,-1.169,-0.285
08:22:25.422,-1.071,-0.285
08:22:25.424,-0.973,-0.285
08:22:25.426,-0.877,-0.285
08:22:25.428,-0.812,-0.285
08:22:25.43,-0.746,-0.285
08:22:25.432,-0.681,-0.285
08:22:25.434,-0.616,-0.285
08:22:25.436,-0.550,-0.285
08:22:25.438,-0.485,-0.285
08:22:25.44,-0.421,-0.298
08:22:25.442,-0.356,-0.298
08:22:25.444,-0.323,-0.298
08:22:25.446,-0.291,-0.298
08:22:25.448,-0.258,-0.304
08:22:25.45,-0.226,-0.304
08:22:25.452,-0.226,-0.304
08:22:25.454,-0.193,-0.304
08:22:25.456,-0.193,-0.304
08:22:25.458,-0.160,-0.304
08:22:25.46,-0.160,-0.304
08:22:25.462,-0.160,-0.304
08:22:25.464,-0.128,-0.310
08:22:25.466,-0.095,-0.310
08:22:25.468,-0.095,-0.310
08:22:25.47,-0.030,-0.310
08:22:25.472,0.003,-0.317
08:22:25.474,0.003,-0.317
08:22:25.476,0.034,-0.317
08:22:25.478,0.067,-0.317
08:22:25.48,0.067,-0.329
08:22:25.482,0.099,-0.329
08:22:25.484,0.132,-0.329
08:22:25.486,0.165,-0.329
08:22:25.488,0.197,-0.335
08:22:25.49,0.197,-0.335
08:22:25.492,0.230,-0.335
08:22:25.494,0.230,-0.335
08:22:25.496,0.230,-0.347
08:22:25.498,0.263,-0.347
08:22:25.5,0.263,-0.347
08:22:25.502,0.295,-0.347
08:22:25.504,0.295,-0.353
08:22:25.506,0.295,-0.353
08:22:25.508,0.295,-0.353
08:22:25.51,0.295,-0.353
08:22:25.512,0.295,-0.366
08:22:25.514,0.295,-0.366
08:22:25.516,0.295,-0.366
08:22:25.518,0.328,-0.366
08:22:25.52,0.328,-0.379
08:22:25.522,0.361,-0.379
08:22:25.524,0.361,-0.379
08:22:25.526,0.361,-0.379
08:22:25.528,0.361,-0.379
08:22:25.53,0.361,-0.379
08:22:25.532,0.361,-0.379
08:22:25.534,0.393,-0.379
08:22:25.536,0.393,-0.403
08:22:25.538,0.426,-0.403
08:22:25.54,0.426,-0.403
08:22:25.542,0.426,-0.403
08:22:25.544,0.426,-0.415
08:22:25.546,0.458,-0.415
08:22:25.548,0.458,-0.415
08:22:25.55,0.490,-0.415
08:22:25.552,0.522,-0.415
08:22:25.554,0.555,-0.415
08:22:25.556,0.555,-0.415
08:22:25.558,0.588,-0.415
08:22:25.56,0.588,-0.421
08:22:25.562,0.620,-0.421
08:22:25.564,0.620,-0.421
08:22:25.566,0.653,-0.421
08:22:25.568,0.685,-0.434
08:22:25.57,0.718,-0.434
08:22:25.572,0.751,-0.434
08:22:25.574,0.783,-0.434
08:22:25.576,0.816,-0.440
08:22:25.578,0.849,-0.440
08:22:25.58,0.849,-0.440
08:22:25.582,0.881,-0.440
08:22:25.584,0.914,-0.440
08:22:25.586,0.945,-0.440
08:22:25.588,0.945,-0.440
08:22:25.59,0.945,-0.440
08:22:25.592,0.945,-0.447
08:22:25.594,0.945,-0.447
08:22:25.596,0.945,-0.447
08:22:25.598,0.945,-0.447
08:22:25.6,0.978,-0.447
08:22:25.602,0.945,-0.447
08:22:25.604,0.945,-0.447
08:22:25.606,0.945,-0.447
08:22:25.608,0.914,-0.453
08:22:25.61,0.914,-0.453
08:22:25.612,0.881,-0.453
08:22:25.614,0.881,-0.453
08:22:25.616,0.881,-0.453
08:22:25.618,0.849,-0.453
08:22:25.62,0.816,-0.453
08:22:25.622,0.783,-0.453
08:22:25.624,0.751,-0.447
08:22:25.626,0.718,-0.447
08:22:25.628,0.685,-0.447
08:22:25.63,0.653,-0.447
08:22:25.632,0.620,-0.434
08:22:25.634,0.588,-0.434
08:22:25.636,0.588,-0.434
08:22:25.638,0.555,-0.434
08:22:25.64,0.522,-0.403
08:22:25.642,0.490,-0.403
08:22:25.644,0.458,-0.403
08:22:25.646,0.426,-0.403
08:22:25.648,0.361,-0.372
08:22:25.65,0.328,-0.372
08:22:25.652,0.295,-0.372
08:22:25.654,0.295,-0.372
08:22:25.656,0.263,-0.323
08:22:25.658,0.230,-0.323
08:22:25.66,0.197,-0.323
08:22:25.662,0.165,-0.323
08:22:25.664,0.132,-0.273
08:22:25.666,0.099,-0.273
08:22:25.668,0.099,-0.273
08:22:25.67,0.067,-0.273
08:22:25.672,0.034,-0.210
08:22:25.674,0.034,-0.210
08:22:25.676,0.003,-0.210
08:22:25.678,0.003,-0.210
08:22:25.68,0.003,-0.136
08:22:25.682,-0.030,-0.136
08:22:25.684,-0.062,-0.136
08:22:25.686,-0.062,-0.136
08:22:25.688,-0.062,-0.056
08:22:25.69,-0.062,-0.056
08:22:25.692,-0.062,-0.056
08:22:25.694,-0.062,-0.056
08:22:25.696,-0.095,0.025
08:22:25.698,-0.095,0.025
08:22:25.7,-0.095,0.025
08:22:25.702,-0.095,0.025
08:22:25.704,-0.095,0.100
08:22:25.706,-0.128,0.100
08:22:25.708,-0.128,0.100
08:22:25.71,-0.160,0.100
08:22:25.712,-0.160,0.162
08:22:25.714,-0.193,0.162
08:22:25.716,-0.193,0.162
08:22:25.718,-0.193,0.162
08:22:25.72,-0.193,0.230
08:22:25.722,-0.193,0.230
08:22:25.724,-0.193,0.230
08:22:25.726,-0.193,0.230
08:22:25.728,-0.193,0.280
08:22:25.73,-0.193,0.280
08:22:25.732,-0.193,0.280
08:22:25.734,-0.193,0.280
08:22:25.736,-0.193,0.323
08:22:25.738,-0.193,0.323
08:22:25.74,-0.193,0.323
08:22:25.742,-0.193,0.323
08:22:25.744,-0.193,0.354
08:22:25.746,-0.160,0.354
08:22:25.748,-0.193,0.354
08:22:25.75,-0.193,0.354
08:22:25.752,-0.160,0.372
08:22:25.754,-0.193,0.372
08:22:25.756,-0.193,0.372
08:22:25.758,-0.193,0.372
08:22:25.76,-0.160,0.379
08:22:25.762,-0.160,0.379
08:22:25.764,-0.160,0.379
08:22:25.766,-0.160,0.379
08:22:25.768,-0.160,0.385
08:22:25.77,-0.160,0.385
08:22:25.772,-0.160,0.385
08:22:25.774,-0.160,0.385
08:22:25.776,-0.160,0.379
08:22:25.778,-0.160,0.379
08:22:25.78,-0.160,0.379
08:22:25.782,-0.160,0.379
08:22:25.784,-0.128,0.360
08:22:25.786,-0.128,0.360
08:22:25.788,-0.095,0.360
08:22:25.79,-0.095,0.360
08:22:25.792,-0.095,0.335
08:22:25.794,-0.095,0.335
08:22:25.796,-0.095,0.335
08:22:25.798,-0.095,0.335
08:22:25.8,-0.095,0.304
08:22:25.802,-0.095,0.304
08:22:25.804,-0.095,0.304
08:22:25.806,-0.095,0.304
08:22:36.092,0.132,-0.415
08:22:36.094,0.132,-0.415
08:22:36.096,0.165,-0.409
08:22:36.098,0.165,-0.409
08:22:36.1,0.165,-0.409
08:22:36.102,0.165,-0.409
08:22:36.104,0.165,-0.396
08:22:36.106,0.165,-0.396
08:22:36.108,0.165,-0.396
08:22:36.11,0.165,-0.396
08:22:36.112,0.165,-0.358
08:22:36.114,0.165,-0.358
08:22:36.116,0.165,-0.358
08:22:36.118,0.132,-0.358
08:22:36.12,0.132,-0.320
08:22:36.122,0.132,-0.320
08:22:36.124,0.132,-0.320
08:22:36.126,0.099,-0.320
08:22:36.128,0.099,-0.262
08:22:36.13,0.099,-0.262
08:22:36.132,0.067,-0.262
08:22:36.134,0.099,-0.262
08:22:36.136,0.067,-0.185
08:22:36.138,0.067,-0.185
08:22:36.14,0.034,-0.185
08:22:36.142,0.034,-0.185
08:22:36.144,0.034,-0.102
08:22:36.146,0.003,-0.102
08:22:36.148,0.003,-0.102
08:22:36.15,0.003,-0.102
08:22:36.152,0.003,-0.006
08:22:36.154,0.003,-0.006
08:22:36.156,0.003,-0.006
08:22:36.158,0.003,-0.006
08:22:36.16,0.003,0.083
08:22:36.162,0.003,0.083
08:22:36.164,0.003,0.083
08:22:36.166,0.003,0.083
08:22:36.168,0.003,0.166
08:22:36.17,0.003,0.166
08:22:36.172,0.003,0.166
08:22:36.174,0.003,0.166
08:22:36.176,-0.030,0.249
08:22:36.178,-0.030,0.249
08:22:36.18,-0.030,0.249
08:22:36.182,-0.030,0.249
08:22:36.184,-0.030,0.313
08:22:36.186,-0.030,0.313
08:22:36.188,-0.062,0.313
08:22:36.19,-0.062,0.313
08:22:36.192,-0.062,0.370
08:22:36.194,-0.062,0.370
08:22:36.196,-0.062,0.370
08:22:36.198,-0.062,0.370
08:22:36.2,-0.062,0.403
08:22:36.202,-0.062,0.403
08:22:36.204,-0.062,0.403
08:22:36.206,-0.062,0.403
08:22:36.208,-0.062,0.428
08:22:36.21,-0.062,0.428
08:22:36.212,-0.062,0.428
08:22:36.214,-0.062,0.428
08:22:36.216,-0.095,0.448
08:22:36.218,-0.095,0.448
08:22:36.22,-0.062,0.448
08:22:36.222,-0.062,0.448
08:22:36.224,-0.062,0.467
08:22:36.226,-0.062,0.467
08:22:36.228,-0.062,0.467
08:22:36.23,-0.030,0.467
08:22:36.232,-0.030,0.473
08:22:36.234,0.003,0.473
08:22:36.236,0.034,0.473
08:22:36.238,0.067,0.473
08:22:36.24,0.132,0.473
08:22:36.242,0.197,0.473
08:22:36.244,0.230,0.473
08:22:36.246,0.263,0.473
08:22:36.248,0.295,0.479
08:22:36.25,0.361,0.479
08:22:36.252,0.426,0.479
08:22:36.254,0.458,0.479
08:22:36.256,0.490,0.454
08:22:36.258,0.555,0.454
08:22:36.26,0.588,0.454
08:22:36.262,0.653,0.454
08:22:36.264,0.718,0.441
08:22:36.266,0.783,0.441
08:22:36.268,0.849,0.441
08:22:36.27,0.914,0.441
08:22:36.272,1.010,0.415
08:22:36.274,1.076,0.415
08:22:36.276,1.174,0.415
08:22:36.278,1.272,0.415
08:22:36.28,1.304,0.384
08:22:36.282,1.304,0.384
08:22:36.284,1.337,0.384
08:22:36.286,1.369,0.384
08:22:36.288,1.401,0.461
08:22:36.29,1.433,0.461
08:22:36.292,1.466,0.461
08:22:36.294,1.401,0.461
08:22:36.296,1.272,0.418
08:22:36.298,1.043,0.418
08:22:36.3,0.783,0.418
08:22:36.302,0.490,0.418
08:22:36.304,0.295,0.358
08:22:36.306,0.165,0.358
08:22:36.308,0.067,0.358
08:22:36.31,0.003,0.358
08:22:36.312,0.003,0.307
08:22:36.314,-0.030,0.307
08:22:36.316,-0.062,0.307
08:22:36.318,-0.095,0.307
08:22:36.32,-0.095,0.230
08:22:36.322,-0.128,0.230
08:22:36.324,-0.160,0.230
08:22:36.326,-0.193,0.230
08:22:36.328,-0.226,0.171
08:22:36.33,-0.226,0.171
08:22:36.332,-0.258,0.171
08:22:36.334,-0.258,0.171
08:22:36.336,-0.291,0.102
08:22:36.338,-0.323,0.102
08:22:36.34,-0.323,0.102
08:22:36.342,-0.356,0.102
08:22:36.344,-0.356,0.043
08:22:36.346,-0.356,0.043
08:22:36.348,-0.356,0.043
08:22:36.35,-0.356,0.043
08:22:36.352,-0.389,-0.026
08:22:36.354,-0.389,-0.026
08:22:36.356,-0.389,-0.026
08:22:36.358,-0.389,-0.026
08:22:36.36,-0.389,-0.094
08:22:36.362,-0.389,-0.094
08:22:36.364,-0.389,-0.094
08:22:36.366,-0.389,-0.094
08:22:36.368,-0.389,-0.145
08:22:36.37,-0.389,-0.145
08:22:36.372,-0.389,-0.145
08:22:36.374,-0.421,-0.145
08:22:36.376,-0.421,-0.188
08:22:36.378,-0.421,-0.188
08:22:36.38,-0.421,-0.188
08:22:36.382,-0.421,-0.188
08:22:36.384,-0.421,-0.231
08:22:36.386,-0.421,-0.231
08:22:36.388,-0.421,-0.231
08:22:36.39,-0.421,-0.231
08:22:36.392,-0.421,-0.265
08:22:36.394,-0.421,-0.265
08:22:36.396,-0.421,-0.265
08:22:36.398,-0.421,-0.265
08:22:36.4,-0.421,-0.282
08:22:36.402,-0.421,-0.282
08:22:36.404,-0.421,-0.282
08:22:36.406,-0.421,-0.282
08:22:36.408,-0.421,-0.299
08:22:36.41,-0.454,-0.299
08:22:36.412,-0.421,-0.299
08:22:36.414,-0.454,-0.299
08:22:36.416,-0.454,-0.316
08:22:36.418,-0.454,-0.316
08:22:36.42,-0.454,-0.316
08:22:36.422,-0.454,-0.316
08:22:36.424,-0.421,-0.307
08:22:36.426,-0.421,-0.307
08:22:36.428,-0.454,-0.307
08:22:36.43,-0.454,-0.307
08:22:36.432,-0.421,-0.316
08:22:36.434,-0.421,-0.316
08:22:36.436,-0.421,-0.316
08:22:36.438,-0.421,-0.316
08:22:36.44,-0.421,-0.333
08:22:36.442,-0.389,-0.333
08:22:36.444,-0.389,-0.333
08:22:36.446,-0.389,-0.333
08:22:36.448,-0.389,-0.333
08:22:36.45,-0.356,-0.333
08:22:36.452,-0.356,-0.333
08:22:36.454,-0.356,-0.333
08:22:36.456,-0.356,-0.342
08:22:36.458,-0.323,-0.342
08:22:36.46,-0.323,-0.342
08:22:36.462,-0.291,-0.342
08:22:36.464,-0.291,-0.358
08:22:36.466,-0.291,-0.358
08:22:36.468,-0.291,-0.358
08:22:36.47,-0.258,-0.358
08:22:36.472,-0.226,-0.367
08:22:36.474,-0.226,-0.367
08:22:36.476,-0.193,-0.367
08:22:36.478,-0.193,-0.367
08:22:36.48,-0.193,-0.384
08:22:36.482,-0.160,-0.384
08:22:36.484,-0.160,-0.384
08:22:36.486,-0.160,-0.384
08:22:36.488,-0.160,-0.401
08:22:36.49,-0.160,-0.401
08:22:36.492,-0.160,-0.401
08:22:36.494,-0.160,-0.401
08:22:36.496,-0.160,-0.427
08:22:36.498,-0.128,-0.427
08:22:36.5,-0.128,-0.427
08:22:36.502,-0.128,-0.427
08:22:36.504,-0.095,-0.444
08:22:36.506,-0.095,-0.444
08:22:36.508,-0.095,-0.444
08:22:36.51,-0.095,-0.444
08:22:36.512,-0.062,-0.453
08:22:36.514,-0.062,-0.453
08:22:36.516,-0.030,-0.453
08:22:36.518,-0.030,-0.453
08:22:36.52,-0.030,-0.469
08:22:36.522,-0.030,-0.469
08:22:36.524,0.003,-0.469
08:22:36.526,0.003,-0.469
08:22:36.528,0.003,-0.478
08:22:36.53,0.003,-0.478
08:22:36.532,0.003,-0.478
08:22:36.534,0.003,-0.478
08:22:36.536,0.003,-0.486
08:22:36.538,0.003,-0.486
08:22:36.54,0.003,-0.486
08:22:36.542,0.034,-0.486
08:22:36.544,0.034,-0.478
08:22:36.546,0.034,-0.478
08:22:36.548,0.003,-0.478
08:22:36.55,0.034,-0.478
08:22:36.552,0.034,-0.478
08:22:36.554,0.034,-0.478
08:22:36.556,0.034,-0.478
08:22:36.558,0.034,-0.478
08:22:36.56,0.034,-0.461
08:22:36.562,0.034,-0.461
08:22:36.564,0.034,-0.461
08:22:36.566,0.034,-0.461
08:22:36.568,0.034,-0.444
08:22:36.57,0.034,-0.444
08:22:36.572,0.034,-0.444
08:22:36.574,0.067,-0.444
08:22:36.576,0.067,-0.409
08:22:36.578,0.067,-0.409
08:22:36.58,0.067,-0.409
08:22:36.582,0.067,-0.409
08:22:36.584,0.067,-0.367
08:22:36.586,0.067,-0.367
08:22:36.588,0.067,-0.367
08:22:36.59,0.067,-0.367
08:22:36.592,0.067,-0.342
08:22:36.594,0.067,-0.342
08:22:36.596,0.067,-0.342
08:22:36.598,0.067,-0.342
08:22:36.6,0.099,-0.299
08:22:36.602,0.099,-0.299
08:22:36.604,0.099,-0.299
08:22:36.606,0.099,-0.299
08:22:36.608,0.099,-0.265
08:22:36.61,0.099,-0.265
08:22:36.612,0.132,-0.265
08:22:36.614,0.132,-0.265
08:22:36.616,0.132,-0.222
08:22:36.618,0.132,-0.222
08:22:36.62,0.099,-0.222
08:22:36.622,0.099,-0.222
08:22:36.624,0.099,-0.188
08:22:36.626,0.132,-0.188
08:22:36.628,0.132,-0.188
08:22:36.63,0.132,-0.188
08:22:36.632,0.132,-0.145
08:22:36.634,0.165,-0.145
08:22:36.636,0.165,-0.145
08:22:36.638,0.165,-0.145
08:22:36.64,0.165,-0.119
08:22:36.642,0.165,-0.119
08:22:36.644,0.165,-0.119
08:22:36.646,0.165,-0.119
08:22:36.648,0.132,-0.094
08:22:36.65,0.099,-0.094
08:22:36.652,0.099,-0.094
08:22:36.654,0.099,-0.094
08:22:36.656,0.067,-0.094
08:22:36.658,0.067,-0.094
08:22:36.66,0.067,-0.094
08:22:36.662,0.067,-0.094
08:22:36.664,0.034,-0.094
08:22:36.666,0.034,-0.094
08:22:36.668,0.034,-0.094
08:22:36.67,0.034,-0.094
08:22:36.672,0.034,-0.119
08:22:36.674,0.034,-0.119
08:22:36.676,0.034,-0.119
08:22:36.678,0.034,-0.119
08:22:36.68,0.034,-0.145
08:22:36.682,0.034,-0.145
08:22:36.684,0.003,-0.145
08:22:36.686,0.034,-0.145
08:22:36.688,0.003,-0.197
08:22:36.69,0.003,-0.197
08:22:36.692,0.003,-0.197
08:22:36.694,0.003,-0.197
08:22:36.696,0.003,-0.265
08:22:36.698,0.003,-0.265
08:22:36.7,0.003,-0.265
08:22:36.702,0.003,-0.265
08:22:36.704,0.003,-0.325
08:22:36.706,0.003,-0.325
08:22:36.708,0.003,-0.325
08:22:36.71,0.003,-0.325
08:22:36.712,0.003,-0.409
08:22:36.714,0.003,-0.409
08:22:36.716,0.003,-0.409
08:22:36.718,0.003,-0.409
08:22:36.72,0.003,-0.461
08:22:36.722,0.034,-0.461
08:22:36.724,0.034,-0.461
08:22:36.726,0.034,-0.461
08:22:36.728,0.034,-0.520
08:22:36.73,0.003,-0.520
08:22:36.732,0.003,-0.520
08:22:36.734,0.003,-0.520
08:22:36.736,0.003,-0.564
08:22:36.738,0.003,-0.564
08:22:36.74,0.003,-0.564
08:22:36.742,0.003,-0.564
08:22:36.744,0.003,-0.598
08:22:36.746,0.034,-0.598
08:22:36.748,0.034,-0.598
08:22:36.75,0.034,-0.598
08:22:36.752,0.034,-0.623
08:22:36.754,0.034,-0.623
08:22:36.756,0.034,-0.623
08:22:36.758,0.034,-0.623
08:22:36.76,0.034,-0.648
08:22:36.762,0.067,-0.648
08:22:36.764,0.067,-0.648
08:22:36.766,0.067,-0.648
08:22:36.768,0.067,-0.657
08:22:36.77,0.067,-0.657
08:22:36.772,0.067,-0.657
08:22:36.774,0.067,-0.657
08:22:36.776,0.067,-0.674
08:22:36.778,0.067,-0.674
08:22:36.78,0.067,-0.674
08:22:36.782,0.067,-0.674
08:22:36.784,0.067,-0.674
08:22:36.786,0.067,-0.674
08:22:36.788,0.099,-0.674
08:22:36.79,0.099,-0.674
08:22:36.792,0.099,-0.692
08:22:36.794,0.099,-0.692
08:22:36.796,0.099,-0.692
08:22:36.798,0.099,-0.692
08:22:36.8,0.099,-0.691
08:22:36.802,0.099,-0.691
08:22:36.804,0.099,-0.691
08:22:36.806,0.099,-0.691
08:22:36.808,0.067,-0.700
08:22:36.81,0.067,-0.700
08:22:36.812,0.067,-0.700
08:22:36.814,0.034,-0.700
08:22:36.816,0.034,-0.709
08:22:36.818,0.034,-0.709
08:22:36.82,0.034,-0.709
08:22:36.822,0.003,-0.709
08:22:36.824,0.003,-0.700
08:22:36.826,0.003,-0.700
08:22:36.828,0.003,-0.700
08:22:36.83,0.003,-0.700
08:22:36.832,0.003,-0.700
08:22:36.834,0.003,-0.700
08:22:36.836,0.003,-0.700
08:22:36.838,0.003,-0.700
08:22:36.84,0.003,-0.709
08:22:36.842,0.003,-0.709
08:22:36.844,0.003,-0.709
08:22:36.846,0.003,-0.709
08:22:36.848,0.003,-0.709
08:22:36.85,0.003,-0.709
08:22:36.852,0.003,-0.709
08:22:36.854,0.003,-0.709
08:22:36.856,0.003,-0.709
08:22:36.858,0.003,-0.709
08:22:36.86,0.003,-0.709
08:22:36.862,0.003,-0.709
08:22:36.864,0.003,-0.700
08:22:36.866,0.003,-0.700
08:22:36.868,0.003,-0.700
08:22:36.87,0.003,-0.700
08:22:36.872,0.003,-0.691
08:22:36.874,0.003,-0.691
08:22:36.876,0.003,-0.691
08:22:36.878,0.003,-0.691
08:22:36.88,0.003,-0.691
08:22:36.882,0.003,-0.691
08:22:36.884,0.003,-0.691
08:22:36.886,0.003,-0.691
08:22:36.888,0.003,-0.691
08:22:36.89,0.003,-0.691
08:22:36.892,0.003,-0.691
08:22:36.894,0.003,-0.691
08:22:36.896,0.003,-0.700
08:22:36.898,0.003,-0.700
08:22:36.9,0.003,-0.700
08:22:36.902,0.003,-0.700
08:22:36.904,0.003,-0.700
08:22:36.906,0.003,-0.700
08:22:36.908,0.003,-0.700
08:22:36.91,0.003,-0.700
08:22:36.912,0.003,-0.709
08:22:36.914,0.003,-0.709
08:22:36.916,0.003,-0.709
08:22:36.918,0.003,-0.709
08:22:36.92,0.003,-0.709
08:22:36.922,0.003,-0.709
08:22:36.924,0.003,-0.709
08:22:36.926,0.034,-0.709
08:22:36.928,0.034,-0.709
08:22:36.93,0.034,-0.709
08:22:36.932,0.034,-0.709
08:22:36.934,0.034,-0.709
08:22:36.936,0.034,-0.726
08:22:36.938,0.034,-0.726
08:22:36.94,0.067,-0.726
08:22:36.942,0.067,-0.726
08:22:36.944,0.099,-0.734
08:22:36.946,0.099,-0.734
08:22:36.948,0.132,-0.734
08:22:36.95,0.132,-0.734
08:22:36.952,0.132,-0.734
08:22:36.954,0.132,-0.734
08:22:36.956,0.132,-0.734
08:22:36.958,0.099,-0.734
08:22:36.96,0.099,-0.743
08:22:36.962,0.099,-0.743
08:22:36.964,0.099,-0.743
08:22:36.966,0.067,-0.743
08:22:36.968,0.067,-0.751
08:22:36.97,0.067,-0.751
08:22:36.972,0.067,-0.751
08:22:36.974,0.067,-0.751
08:22:36.976,0.067,-0.759
08:22:36.978,0.067,-0.759
08:22:36.98,0.034,-0.759
08:22:36.982,0.034,-0.759
08:22:36.984,0.034,-0.768
08:22:36.986,0.003,-0.768
08:22:36.988,0.003,-0.768
08:22:36.99,0.003,-0.768
08:22:36.992,0.003,-0.776
08:22:36.994,0.003,-0.776
08:22:36.996,0.003,-0.776
08:22:36.998,0.003,-0.776
08:22:37,0.003,-0.785
08:22:37.002,0.003,-0.785
08:22:37.004,0.003,-0.785
08:22:37.006,0.003,-0.785
08:22:37.008,0.003,-0.793
08:22:37.01,0.003,-0.793
08:22:37.012,0.003,-0.793
08:22:37.014,0.003,-0.793
08:22:37.016,0.003,-0.802
08:22:37.018,0.003,-0.802
08:22:37.02,0.003,-0.802
08:22:37.022,0.003,-0.802
08:22:37.024,0.003,-0.802
08:22:37.026,0.003,-0.802
08:22:37.028,0.003,-0.802
08:22:37.03,0.003,-0.802
08:22:37.032,0.003,-0.802
08:22:37.034,0.003,-0.802
08:22:37.036,-0.030,-0.802
08:22:37.038,-0.030,-0.802
08:22:37.04,0.003,-0.810
08:22:37.042,0.003,-0.810
08:22:37.044,0.003,-0.810
08:22:37.046,0.003,-0.810
08:22:37.048,0.003,-0.802
08:22:37.05,0.003,-0.802
08:22:37.052,0.003,-0.802
08:22:37.054,0.003,-0.802
08:22:37.056,0.003,-0.793
08:22:37.058,0.003,-0.793
08:22:37.06,0.003,-0.793
08:22:37.062,0.003,-0.793
08:22:37.064,0.003,-0.802
08:22:37.066,0.003,-0.802
08:22:37.068,0.003,-0.802
08:22:37.07,0.003,-0.802
08:22:37.072,0.003,-0.793
08:22:37.074,0.003,-0.793
08:22:37.076,0.003,-0.793
08:22:37.078,0.003,-0.793
08:22:37.08,0.003,-0.785
08:22:37.082,0.003,-0.785
08:22:37.084,0.003,-0.785
08:22:37.086,0.003,-0.785
08:22:37.088,0.003,-0.793
08:22:37.09,0.003,-0.793
08:22:37.092,0.003,-0.793
08:22:37.094,0.034,-0.793
08:22:37.096,0.034,-0.785
08:22:37.098,0.067,-0.785
08:22:37.1,0.067,-0.785
08:22:37.102,0.067,-0.785
08:22:37.104,0.099,-0.776
08:22:37.106,0.132,-0.776
08:22:37.108,0.132,-0.776
08:22:37.11,0.132,-0.776
08:22:37.112,0.132,-0.785
08:22:37.114,0.165,-0.785
08:22:37.116,0.165,-0.785
08:22:37.118,0.197,-0.785
08:22:37.12,0.230,-0.768
08:22:37.122,0.328,-0.768
08:22:37.124,0.426,-0.768
08:22:37.126,0.522,-0.768
08:22:37.128,0.620,-0.776
08:22:37.13,0.718,-0.776
08:22:37.132,0.783,-0.776
08:22:37.134,0.783,-0.776
08:22:37.136,0.718,-0.759
08:22:37.138,0.588,-0.759
08:22:37.14,0.458,-0.759
08:22:37.142,0.295,-0.759
08:22:37.144,0.197,-0.759
08:22:37.146,0.099,-0.759
08:22:37.148,0.067,-0.759
08:22:37.15,0.034,-0.759
08:22:37.152,0.003,-0.751
08:22:37.154,-0.062,-0.751
08:22:37.156,-0.128,-0.751
08:22:37.158,-0.193,-0.751
08:22:37.16,-0.258,-0.751
08:22:37.162,-0.291,-0.751
08:22:37.164,-0.291,-0.751
08:22:37.166,-0.258,-0.751
08:22:37.168,-0.226,-0.734
08:22:37.17,-0.193,-0.734
08:22:37.172,-0.160,-0.734
08:22:37.174,-0.128,-0.734
08:22:37.176,-0.128,-0.734
08:22:37.178,-0.095,-0.734
08:22:37.18,-0.095,-0.734
08:22:37.182,-0.062,-0.734
08:22:37.184,-0.062,-0.734
08:22:37.186,-0.095,-0.734
08:22:37.188,-0.095,-0.734
08:22:37.19,-0.095,-0.734
08:22:37.192,-0.095,-0.726
08:22:37.194,-0.095,-0.726
08:22:37.196,-0.095,-0.726
08:22:37.198,-0.095,-0.726
08:22:37.2,-0.062,-0.717
08:22:37.202,-0.062,-0.717
08:22:37.204,-0.062,-0.717
08:22:37.206,-0.030,-0.717
08:22:37.208,-0.062,-0.717
08:22:37.21,-0.062,-0.717
08:22:37.212,-0.062,-0.717
08:22:37.214,-0.062,-0.717
08:22:37.216,-0.062,-0.717
08:22:37.218,-0.062,-0.717
08:22:37.22,-0.062,-0.717
08:22:37.222,-0.062,-0.717
08:22:37.224,-0.062,-0.700
08:22:37.226,-0.062,-0.700
08:22:37.228,-0.062,-0.700
08:22:37.23,-0.062,-0.700
08:22:37.232,-0.062,-0.700
08:22:37.234,-0.062,-0.700
08:22:37.236,-0.030,-0.700
08:22:37.238,-0.030,-0.700
08:22:37.24,0.003,-0.691
08:22:37.242,0.003,-0.691
08:22:37.244,0.003,-0.691
08:22:37.246,0.003,-0.691
08:22:37.248,0.003,-0.691
08:22:37.25,-0.030,-0.691
08:22:37.252,-0.030,-0.691
08:22:37.254,-0.030,-0.691
08:22:37.256,0.003,-0.674
08:22:37.258,0.003,-0.674
08:22:37.26,0.003,-0.674
08:22:37.262,0.003,-0.674
08:22:37.264,0.034,-0.674
08:22:37.266,0.034,-0.674
08:22:37.268,0.067,-0.674
08:22:37.27,0.067,-0.674
08:22:37.272,0.099,-0.674
08:22:37.274,0.067,-0.674
08:22:37.276,0.067,-0.674
08:22:37.278,0.067,-0.674
08:22:37.28,0.067,-0.657
08:22:37.282,0.067,-0.657
08:22:37.284,0.067,-0.657
08:22:37.286,0.067,-0.657
08:22:37.288,0.067,-0.657
08:22:37.29,0.067,-0.657
08:22:37.292,0.067,-0.657
08:22:37.294,0.067,-0.657
08:22:37.296,0.067,-0.640
08:22:37.298,0.067,-0.640
08:22:37.3,0.067,-0.640
08:22:37.302,0.067,-0.640
08:22:37.304,0.067,-0.648
08:22:37.306,0.067,-0.648
08:22:37.308,0.067,-0.648
08:22:37.31,0.067,-0.648
08:22:37.312,0.067,-0.631
08:22:37.314,0.067,-0.631
08:22:37.316,0.067,-0.631
08:22:37.318,0.067,-0.631
08:22:37.32,0.099,-0.631
08:22:37.322,0.099,-0.631
08:22:37.324,0.099,-0.631
08:22:37.326,0.099,-0.631
08:22:37.328,0.132,-0.606
08:22:37.33,0.132,-0.606
08:22:37.332,0.165,-0.606
08:22:37.334,0.165,-0.606
08:22:37.336,0.197,-0.589
08:22:37.338,0.197,-0.589
08:22:37.34,0.197,-0.589
08:22:37.342,0.165,-0.589
08:22:37.344,0.165,-0.554
08:22:37.346,0.165,-0.554
08:22:37.348,0.132,-0.554
08:22:37.35,0.165,-0.554
08:22:37.352,0.165,-0.503
08:22:37.354,0.197,-0.503
08:22:37.356,0.197,-0.503
08:22:37.358,0.230,-0.503
08:22:37.36,0.230,-0.435
08:22:37.362,0.263,-0.435
08:22:37.364,0.263,-0.435
08:22:37.366,0.263,-0.435
08:22:37.368,0.263,-0.333
08:22:37.37,0.263,-0.333
08:22:37.372,0.230,-0.333
08:22:37.374,0.263,-0.333
08:22:37.376,0.263,-0.231
08:22:37.378,0.263,-0.231
08:22:37.38,0.263,-0.231
08:22:37.382,0.230,-0.231
08:22:37.384,0.230,-0.102
08:22:37.386,0.230,-0.102
08:22:37.388,0.263,-0.102
08:22:37.39,0.263,-0.102
08:22:37.392,0.263,0.051
08:22:37.394,0.263,0.051
08:22:37.396,0.230,0.051
08:22:37.398,0.230,0.051
08:22:37.4,0.197,0.204
08:22:37.402,0.165,0.204
08:22:37.404,0.132,0.204
08:22:37.406,0.132,0.204
08:22:37.408,0.132,0.375
08:22:37.41,0.132,0.375
08:22:37.412,0.132,0.375
08:22:37.414,0.132,0.375
08:22:37.416,0.132,0.537
08:22:37.418,0.132,0.537
08:22:37.42,0.165,0.537
08:22:37.422,0.165,0.537
08:22:37.424,0.165,0.700
08:22:37.426,0.165,0.700
08:22:37.428,0.132,0.700
08:22:37.43,0.099,0.700
08:22:37.432,0.099,0.845
08:22:37.434,0.099,0.845
08:22:37.436,0.067,0.845
08:22:37.438,0.099,0.845
08:22:37.44,0.067,0.990
08:22:37.442,0.067,0.990
08:22:37.444,0.067,0.990
08:22:37.446,0.034,0.990
08:22:37.448,0.003,1.024
08:22:37.45,0.003,1.024
08:22:37.452,0.003,1.024
08:22:37.454,0.003,1.024
08:22:37.456,-0.030,1.024
08:22:37.458,-0.030,1.024
08:22:37.46,-0.030,1.024
08:22:37.462,-0.030,1.024
08:22:37.464,-0.062,1.024
08:22:37.466,-0.062,1.024
08:22:37.468,-0.030,1.024
08:22:37.47,-0.030,1.024
08:22:37.472,-0.062,1.024
08:22:37.474,-0.062,1.024
08:22:37.476,-0.062,1.024
08:22:37.478,-0.062,1.024
08:22:37.48,-0.062,1.024
08:22:37.482,-0.062,1.024
08:22:37.484,-0.030,1.024
08:22:37.486,-0.030,1.024
08:22:37.488,-0.030,1.024
08:22:37.49,-0.030,1.024
08:22:37.492,-0.030,1.024
08:22:37.494,-0.030,1.024
08:22:37.496,-0.030,1.024
08:22:37.498,-0.030,1.024
08:22:37.5,-0.030,1.024
08:22:37.502,-0.030,1.024
08:22:37.504,-0.030,1.024
08:22:37.506,-0.030,1.024
08:22:37.508,-0.062,1.024
08:22:37.51,-0.030,1.024
08:22:37.512,-0.062,1.024
08:22:37.514,-0.062,1.024
08:22:37.516,-0.062,1.024
08:22:37.518,-0.062,1.024
08:22:37.52,-0.062,1.024
08:22:37.522,-0.030,1.024
08:22:37.524,-0.030,1.024
08:22:37.526,0.003,1.024
08:22:37.528,0.003,1.024
08:22:37.53,0.003,1.024
08:22:37.532,-0.030,1.024
08:22:37.534,-0.030,1.024
08:22:37.536,-0.030,1.024
08:22:37.538,-0.030,1.024
08:22:37.54,-0.030,1.024
08:22:37.542,-0.030,1.024
08:22:37.544,-0.030,1.024
08:22:37.546,0.003,1.024
08:22:37.548,0.003,1.024
08:22:37.55,0.003,1.024
08:22:37.552,0.003,1.024
08:22:37.554,0.003,1.024
08:22:37.556,0.003,1.024
08:22:37.558,0.003,1.024
08:22:37.56,0.003,1.006
08:22:37.562,0.003,1.006
08:22:37.564,0.003,1.006
08:22:37.566,0.003,1.006
08:22:37.568,0.003,0.938
08:22:37.57,0.034,0.938
08:22:37.572,0.034,0.938
08:22:37.574,0.034,0.938
08:22:37.576,0.034,0.878
08:22:37.578,0.034,0.878
08:22:37.58,0.034,0.878
08:22:37.582,0.034,0.878
08:22:37.584,0.067,0.801
08:22:37.586,0.067,0.801
08:22:37.588,0.067,0.801
08:22:37.59,0.099,0.801
08:22:37.592,0.132,0.742
08:22:37.594,0.132,0.742
08:22:37.596,0.165,0.742
08:22:37.598,0.165,0.742
08:22:37.6,0.165,0.674
08:22:37.602,0.165,0.674
08:22:37.604,0.132,0.674
08:22:37.606,0.132,0.674
08:22:37.608,0.099,0.606
08:22:37.61,0.099,0.606
08:22:37.612,0.067,0.606
08:22:37.614,0.003,0.606
08:22:37.616,0.003,0.546
08:22:37.618,-0.062,0.546
08:22:37.62,-0.128,0.546
08:22:37.622,-0.193,0.546
08:22:37.624,-0.291,0.486
08:22:37.626,-0.323,0.486
08:22:37.628,-0.421,0.486
08:22:37.63,-0.550,0.486
08:22:37.632,-0.714,0.426
08:22:37.634,-0.973,0.426
08:22:37.636,-1.169,0.426
08:22:37.638,-1.300,0.426
08:22:37.64,-1.396,0.375
08:22:37.642,-1.429,0.375
08:22:37.644,-1.396,0.375
08:22:37.646,-1.365,0.375
08:22:37.648,-1.300,0.324
08:22:37.65,-1.202,0.324
08:22:37.652,-1.104,0.324
08:22:37.654,-1.039,0.324
08:22:37.656,-0.973,0.281
08:22:37.658,-0.909,0.281
08:22:37.66,-0.844,0.281
08:22:37.662,-0.779,0.281
08:22:37.664,-0.714,0.247
08:22:37.666,-0.648,0.247
08:22:37.668,-0.550,0.247
08:22:37.67,-0.485,0.247
08:22:37.672,-0.421,0.213
08:22:37.674,-0.389,0.213
08:22:37.676,-0.323,0.213
08:22:37.678,-0.291,0.213
08:22:37.68,-0.258,0.179
08:22:37.682,-0.226,0.179
08:22:37.684,-0.226,0.179
08:22:37.686,-0.193,0.179
08:22:37.688,-0.160,0.145
08:22:37.69,-0.128,0.145
08:22:37.692,-0.095,0.145
08:22:37.694,-0.030,0.145
08:22:37.696,0.003,0.119
08:22:37.698,0.003,0.119
08:22:37.7,0.034,0.119
08:22:37.702,0.067,0.119
08:22:37.704,0.067,0.093
08:22:37.706,0.099,0.093
08:22:37.708,0.099,0.093
08:22:37.71,0.099,0.093
08:22:37.712,0.099,0.068
08:22:37.714,0.099,0.068
08:22:37.716,0.099,0.068
08:22:37.718,0.099,0.068
08:22:37.72,0.099,0.043
08:22:37.722,0.132,0.043
08:22:37.724,0.132,0.043
08:22:37.726,0.165,0.043
08:22:37.728,0.165,0.017
08:22:37.73,0.165,0.017
08:22:37.732,0.165,0.017
08:22:37.734,0.165,0.017
08:22:37.736,0.165,0.000
08:22:37.738,0.165,0.000
08:22:37.74,0.197,0.000
08:22:37.742,0.197,0.000
08:22:37.744,0.197,-0.026
08:22:37.746,0.197,-0.026
08:22:37.748,0.197,-0.026
08:22:37.75,0.197,-0.026
08:22:37.752,0.197,-0.051
08:22:37.754,0.197,-0.051
08:22:37.756,0.230,-0.051
08:22:37.758,0.263,-0.051
08:22:37.76,0.295,-0.069
08:22:37.762,0.295,-0.069
08:22:37.764,0.295,-0.069
08:22:37.766,0.295,-0.069
08:22:37.768,0.328,-0.094
08:22:37.77,0.328,-0.094
08:22:37.772,0.361,-0.094
08:22:37.774,0.361,-0.094
08:22:37.776,0.361,-0.119
08:22:37.778,0.393,-0.119
08:22:37.78,0.426,-0.119
08:22:37.782,0.458,-0.119
08:22:37.784,0.490,-0.154
08:22:37.786,0.490,-0.154
08:22:37.788,0.522,-0.154
08:22:37.79,0.555,-0.154
08:22:37.792,0.555,-0.179
08:22:37.794,0.555,-0.179
08:22:37.796,0.588,-0.179
08:22:37.798,0.588,-0.179
08:22:37.8,0.588,-0.197
08:22:37.802,0.588,-0.197
08:22:37.804,0.620,-0.197
08:22:37.806,0.653,-0.197
08:22:37.808,0.653,-0.231
08:22:37.81,0.653,-0.231
08:22:37.812,0.685,-0.231
08:22:37.814,0.718,-0.231
08:22:37.816,0.751,-0.256
08:22:37.818,0.783,-0.256
08:22:37.82,0.816,-0.256
08:22:37.822,0.816,-0.256
08:22:37.824,0.849,-0.273
08:22:37.826,0.816,-0.273
08:22:37.828,0.816,-0.273
08:22:37.83,0.816,-0.273
08:22:37.832,0.816,-0.316
08:22:37.834,0.816,-0.316
08:22:37.836,0.816,-0.316
08:22:37.838,0.816,-0.316
08:22:37.84,0.816,-0.333
08:22:37.842,0.816,-0.333
08:22:37.844,0.783,-0.333
08:22:37.846,0.783,-0.333
08:22:37.848,0.751,-0.350
08:22:37.85,0.718,-0.350
08:22:37.852,0.718,-0.350
08:22:37.854,0.685,-0.350
08:22:37.856,0.653,-0.384
08:22:37.858,0.653,-0.384
08:22:37.86,0.620,-0.384
08:22:37.862,0.588,-0.384
08:22:37.864,0.555,-0.401
08:22:37.866,0.522,-0.401
08:22:37.868,0.458,-0.401
08:22:37.87,0.426,-0.401
08:22:37.872,0.393,-0.409
08:22:37.874,0.361,-0.409
08:22:37.876,0.295,-0.409
08:22:37.878,0.263,-0.409
08:22:37.88,0.230,-0.435
08:22:37.882,0.197,-0.435
08:22:37.884,0.165,-0.435
08:22:37.886,0.132,-0.435
08:22:37.888,0.132,-0.444
08:22:37.89,0.099,-0.444
08:22:37.892,0.067,-0.444
08:22:37.894,0.034,-0.444
08:22:37.896,0.034,-0.453
08:22:37.898,0.034,-0.453
08:22:37.9,0.003,-0.453
08:22:37.902,0.003,-0.453
08:22:37.904,0.003,-0.444
08:22:37.906,0.003,-0.444
08:22:37.908,-0.030,-0.444
08:22:37.91,-0.030,-0.444
08:22:37.912,-0.030,-0.427
08:22:37.914,-0.030,-0.427
08:22:37.916,-0.062,-0.427
08:22:37.918,-0.062,-0.427
08:22:37.92,-0.062,-0.409
08:22:37.922,-0.062,-0.409
08:22:37.924,-0.062,-0.409
08:22:37.926,-0.062,-0.409
08:22:37.928,-0.062,-0.393
08:22:37.93,-0.062,-0.393
08:22:37.932,-0.062,-0.393
08:22:37.934,-0.062,-0.393
08:22:37.936,-0.095,-0.358
08:22:37.938,-0.095,-0.358
08:22:37.94,-0.128,-0.358
08:22:37.942,-0.128,-0.358
08:22:37.944,-0.095,-0.325
08:22:37.946,-0.095,-0.325
08:22:37.948,-0.095,-0.325
08:22:37.95,-0.062,-0.325
08:22:37.952,-0.062,-0.281
08:22:37.954,-0.062,-0.281
08:22:37.956,-0.030,-0.281
08:22:37.958,-0.030,-0.281
08:22:37.96,-0.030,-0.231
08:22:37.962,-0.030,-0.231
08:22:37.964,-0.030,-0.231
08:22:37.966,-0.030,-0.231
08:22:37.968,-0.030,-0.188
08:22:37.97,-0.030,-0.188
08:22:37.972,-0.030,-0.188
08:22:37.974,-0.062,-0.188
08:22:37.976,-0.062,-0.145
08:22:37.978,-0.095,-0.145
08:22:37.98,-0.095,-0.145
08:22:37.982,-0.095,-0.145
08:22:37.984,-0.095,-0.102
08:22:37.986,-0.095,-0.102
08:22:37.988,-0.095,-0.102
08:22:37.99,-0.095,-0.102
08:22:37.992,-0.095,-0.094
08:22:37.994,-0.095,-0.094
08:22:37.996,-0.095,-0.094
08:22:37.998,-0.095,-0.094
08:22:38,-0.095,-0.077
08:22:38.002,-0.128,-0.077
08:22:38.004,-0.128,-0.077
08:22:38.006,-0.128,-0.077
08:22:38.008,-0.128,-0.069
08:22:38.01,-0.128,-0.069
08:22:38.012,-0.128,-0.069
08:22:38.014,-0.128,-0.069
08:22:38.016,-0.160,-0.069
08:22:38.018,-0.160,-0.069
08:22:38.02,-0.160,-0.069
08:22:38.022,-0.160,-0.069
08:22:38.024,-0.128,-0.077
08:22:38.026,-0.160,-0.077
08:22:38.028,-0.160,-0.077
08:22:38.03,-0.160,-0.077
08:22:38.032,-0.160,-0.102
08:22:38.034,-0.160,-0.102
08:22:38.036,-0.160,-0.102
08:22:38.038,-0.160,-0.102
08:22:38.04,-0.160,-0.119
08:22:38.042,-0.160,-0.119
08:22:38.044,-0.160,-0.119
08:22:38.046,-0.160,-0.119
08:22:38.048,-0.160,-0.154
08:22:38.05,-0.128,-0.154
08:22:38.052,-0.128,-0.154
08:22:38.054,-0.128,-0.154
08:22:38.056,-0.160,-0.188
08:22:38.058,-0.160,-0.188
08:22:38.06,-0.160,-0.188
08:22:38.062,-0.160,-0.188
08:22:38.064,-0.160,-0.222
08:22:38.066,-0.160,-0.222
08:22:38.068,-0.160,-0.222
08:22:38.07,-0.160,-0.222
08:22:38.072,-0.160,-0.265
08:22:38.074,-0.160,-0.265
08:22:38.076,-0.160,-0.265
08:22:38.078,-0.160,-0.265
08:22:38.08,-0.160,-0.290
08:22:38.082,-0.128,-0.290
08:22:38.084,-0.128,-0.290
08:22:38.086,-0.128,-0.290
08:22:38.088,-0.128,-0.325
08:22:38.09,-0.160,-0.325
08:22:41.394,0.132,0.942
08:22:41.396,0.132,0.942
08:22:41.398,0.165,0.942
08:22:41.4,0.165,0.871
08:22:41.402,0.132,0.871
08:22:41.404,0.132,0.871
08:22:41.406,0.099,0.871
08:22:41.408,0.099,0.816
08:22:41.41,0.099,0.816
08:22:41.412,0.067,0.816
08:22:41.414,0.067,0.816
08:22:41.416,0.067,0.745
08:22:41.418,0.067,0.745
08:22:41.42,0.067,0.745
08:22:41.422,0.067,0.745
08:22:41.424,0.034,0.674
08:22:41.426,0.067,0.674
08:22:41.428,0.067,0.674
08:22:41.43,0.067,0.674
08:22:41.432,0.067,0.604
08:22:41.434,0.034,0.604
08:22:41.436,0.067,0.604
08:22:41.438,0.067,0.604
08:22:41.44,0.067,0.541
08:22:41.442,0.067,0.541
08:22:41.444,0.099,0.541
08:22:41.446,0.099,0.541
08:22:41.448,0.099,0.470
08:22:41.45,0.132,0.470
08:22:41.452,0.132,0.470
08:22:41.454,0.165,0.470
08:22:41.456,0.165,0.408
08:22:41.458,0.132,0.408
08:22:41.46,0.099,0.408
08:22:41.462,0.099,0.408
08:22:41.464,0.067,0.353
08:22:41.466,0.034,0.353
08:22:41.468,0.003,0.353
08:22:41.47,-0.062,0.353
08:22:41.472,-0.160,0.306
08:22:41.474,-0.258,0.306
08:22:41.476,-0.356,0.306
08:22:41.478,-0.421,0.306
08:22:41.48,-0.518,0.243
08:22:41.482,-0.648,0.243
08:22:41.484,-0.812,0.243
08:22:41.486,-1.006,0.243
08:22:41.488,-1.169,0.204
08:22:41.49,-1.300,0.204
08:22:41.492,-1.365,0.204
08:22:41.494,-1.429,0.204
08:22:41.496,-1.461,0.157
08:22:41.498,-1.461,0.157
08:22:41.5,-1.429,0.157
08:22:41.502,-1.396,0.157
08:22:41.504,-1.365,0.117
08:22:41.506,-1.332,0.117
08:22:41.508,-1.300,0.117
08:22:41.51,-1.267,0.117
08:22:41.512,-1.202,0.079
08:22:41.514,-1.104,0.079
08:22:41.516,-1.006,0.079
08:22:41.518,-0.941,0.079
08:22:41.52,-0.844,0.055
08:22:41.522,-0.746,0.055
08:22:41.524,-0.648,0.055
08:22:41.526,-0.583,0.055
08:22:41.528,-0.518,0.015
08:22:41.53,-0.454,0.015
08:22:41.532,-0.389,0.015
08:22:41.534,-0.323,0.015
08:22:41.536,-0.258,-0.015
08:22:41.538,-0.193,-0.015
08:22:41.54,-0.160,-0.015
08:22:41.542,-0.095,-0.015
08:22:41.544,-0.062,-0.055
08:22:41.546,-0.062,-0.055
08:22:41.548,-0.030,-0.055
08:22:41.55,0.003,-0.055
08:22:41.552,0.003,-0.079
08:22:41.554,0.003,-0.079
08:22:41.556,0.003,-0.079
08:22:41.558,0.034,-0.079
08:22:41.56,0.034,-0.110
08:22:41.562,0.034,-0.110
08:22:41.564,0.067,-0.110
08:22:41.566,0.067,-0.110
08:22:41.568,0.099,-0.141
08:22:41.57,0.132,-0.141
08:22:41.572,0.165,-0.141
08:22:41.574,0.165,-0.141
08:22:41.576,0.197,-0.165
08:22:41.578,0.197,-0.165
08:22:41.58,0.230,-0.165
08:22:41.582,0.230,-0.165
08:22:41.584,0.230,-0.196
08:22:41.586,0.230,-0.196
08:22:41.588,0.230,-0.196
08:22:41.59,0.263,-0.196
08:22:41.592,0.263,-0.220
08:22:41.594,0.263,-0.220
08:22:41.596,0.263,-0.220
08:22:41.598,0.295,-0.220
08:22:41.6,0.295,-0.251
08:22:41.602,0.295,-0.251
08:22:41.604,0.295,-0.251
08:22:41.606,0.295,-0.251
08:22:41.608,0.328,-0.267
08:22:41.61,0.361,-0.267
08:22:41.612,0.361,-0.267
08:22:41.614,0.361,-0.267
08:22:41.616,0.393,-0.298
08:22:41.618,0.393,-0.298
08:22:41.62,0.393,-0.298
08:22:41.622,0.393,-0.298
08:22:41.624,0.426,-0.330
08:22:41.626,0.426,-0.330
08:22:41.628,0.458,-0.330
08:22:41.63,0.458,-0.330
08:22:41.632,0.490,-0.345
08:22:41.634,0.490,-0.345
08:22:41.636,0.522,-0.345
08:22:41.638,0.555,-0.345
08:22:41.64,0.555,-0.368
08:22:41.642,0.588,-0.368
08:22:41.644,0.588,-0.368
08:22:41.646,0.620,-0.368
08:22:41.648,0.620,-0.392
08:22:41.65,0.653,-0.392
08:22:41.652,0.685,-0.392
08:22:41.654,0.685,-0.392
08:22:41.656,0.718,-0.415
08:22:41.658,0.751,-0.415
08:22:41.66,0.751,-0.415
08:22:41.662,0.783,-0.415
08:22:41.664,0.816,-0.439
08:22:41.666,0.849,-0.439
08:22:41.668,0.849,-0.439
08:22:41.67,0.881,-0.439
08:22:41.672,0.914,-0.463
08:22:41.674,0.945,-0.463
08:22:41.676,0.978,-0.463
08:22:41.678,0.978,-0.463
08:22:41.68,1.010,-0.494
08:22:41.682,1.043,-0.494
08:22:41.684,1.076,-0.494
08:22:41.686,1.076,-0.494
08:22:41.688,1.108,-0.510
08:22:41.69,1.108,-0.510
08:22:41.692,1.108,-0.510
08:22:41.694,1.108,-0.510
08:22:41.696,1.076,-0.517
08:22:41.698,1.076,-0.517
08:22:41.7,1.043,-0.517
08:22:41.702,1.043,-0.517
08:22:41.704,1.043,-0.541
08:22:41.706,1.010,-0.541
08:22:41.708,1.010,-0.541
08:22:41.71,0.978,-0.541
08:22:41.712,0.978,-0.541
08:22:41.714,0.945,-0.541
08:22:41.716,0.914,-0.541
08:22:41.718,0.914,-0.541
08:22:41.72,0.881,-0.565
08:22:41.722,0.849,-0.565
08:22:41.724,0.816,-0.565
08:22:41.726,0.751,-0.565
08:22:41.728,0.718,-0.565
08:22:41.73,0.685,-0.565
08:22:41.732,0.620,-0.565
08:22:41.734,0.588,-0.565
08:22:41.736,0.555,-0.581
08:22:41.738,0.490,-0.581
08:22:41.74,0.458,-0.581
08:22:41.742,0.426,-0.581
08:22:41.744,0.361,-0.581
08:22:41.746,0.328,-0.581
08:22:41.748,0.328,-0.581
08:22:41.75,0.263,-0.581
08:22:41.752,0.230,-0.581
08:22:41.754,0.230,-0.581
08:22:41.756,0.197,-0.581
08:22:41.758,0.197,-0.581
08:22:41.76,0.165,-0.573
08:22:41.762,0.132,-0.573
08:22:41.764,0.099,-0.573
08:22:41.766,0.099,-0.573
08:22:41.768,0.067,-0.549
08:22:41.77,0.034,-0.549
08:22:41.772,0.034,-0.549
08:22:41.774,0.034,-0.549
08:22:41.776,0.003,-0.517
08:22:41.778,0.003,-0.517
08:22:41.78,0.003,-0.517
08:22:41.782,0.003,-0.517
08:22:41.784,0.003,-0.470
08:22:41.786,-0.030,-0.470
08:22:41.788,-0.030,-0.470
08:22:41.79,-0.062,-0.470
08:22:41.792,-0.062,-0.415
08:22:41.794,-0.062,-0.415
08:22:41.796,-0.062,-0.415
08:22:41.798,-0.062,-0.415
08:22:41.8,-0.062,-0.368
08:22:41.802,-0.062,-0.368
08:22:41.804,-0.062,-0.368
08:22:41.806,-0.062,-0.368
08:22:41.808,-0.062,-0.314
08:22:41.81,-0.062,-0.314
08:22:41.812,-0.062,-0.314
08:22:41.814,-0.062,-0.314
08:22:41.816,-0.062,-0.259
08:22:41.818,-0.095,-0.259
08:22:41.82,-0.095,-0.259
08:22:41.822,-0.095,-0.259
08:22:41.824,-0.095,-0.220
08:22:41.826,-0.095,-0.220
08:22:41.828,-0.095,-0.220
08:22:41.83,-0.095,-0.220
08:22:41.832,-0.062,-0.172
08:22:41.834,-0.062,-0.172
08:22:41.836,-0.062,-0.172
08:22:41.838,-0.062,-0.172
08:22:41.84,-0.062,-0.134
08:22:41.842,-0.062,-0.134
08:22:41.844,-0.062,-0.134
08:22:41.846,-0.062,-0.134
08:22:41.848,-0.062,-0.117
08:22:41.85,-0.062,-0.117
08:22:41.852,-0.062,-0.117
08:22:41.854,-0.062,-0.117
08:22:41.856,-0.062,-0.117
08:22:41.858,-0.062,-0.117
08:22:41.86,-0.030,-0.117
08:22:41.862,-0.030,-0.117
08:22:41.864,-0.030,-0.117
08:22:41.866,0.003,-0.117
08:22:41.868,0.003,-0.117
08:22:41.87,0.003,-0.117
08:22:41.872,0.003,-0.126
08:22:41.874,0.003,-0.126
08:22:41.876,0.003,-0.126
08:22:41.878,0.003,-0.126
08:22:41.88,0.003,-0.141
08:22:41.882,0.003,-0.141
08:22:41.884,0.003,-0.141
08:22:41.886,0.003,-0.141
08:22:41.888,0.003,-0.165
08:22:41.89,0.003,-0.165
08:22:41.892,0.003,-0.165
08:22:41.894,0.003,-0.165
08:22:41.896,0.003,-0.196
08:22:41.898,-0.030,-0.196
08:22:41.9,-0.030,-0.196
08:22:41.902,-0.062,-0.196
08:22:41.904,-0.062,-0.235
08:22:41.906,-0.062,-0.235
08:22:41.908,-0.062,-0.235
08:22:41.91,-0.095,-0.235
08:22:41.912,-0.095,-0.267
08:22:41.914,-0.095,-0.267
08:22:41.916,-0.095,-0.267
08:22:41.918,-0.062,-0.267
08:22:41.92,-0.062,-0.392
08:22:41.922,-0.062,-0.392
08:22:41.924,-0.062,-0.392
08:22:41.926,-0.062,-0.392
08:22:41.928,-0.095,-0.423
08:22:41.93,-0.095,-0.423
08:22:41.932,-0.095,-0.423
08:22:41.934,-0.095,-0.423
08:22:41.936,-0.095,-0.455
08:22:41.938,-0.095,-0.455
08:22:41.94,-0.095,-0.455
08:22:41.942,-0.095,-0.455
08:22:41.944,-0.095,-0.502
08:22:41.946,-0.128,-0.502
08:22:41.948,-0.128,-0.502
08:22:41.95,-0.128,-0.502
08:22:41.952,-0.095,-0.525
08:22:41.954,-0.095,-0.525
08:22:41.956,-0.095,-0.525
08:22:41.958,-0.095,-0.525
08:22:41.96,-0.095,-0.565
08:22:41.962,-0.095,-0.565
08:22:41.964,-0.128,-0.565
08:22:41.966,-0.160,-0.565
08:22:41.968,-0.160,-0.581
08:22:41.97,-0.160,-0.581
08:22:41.972,-0.160,-0.581
08:22:41.974,-0.160,-0.581
08:22:41.976,-0.128,-0.596
08:22:41.978,-0.095,-0.596
08:22:41.98,-0.095,-0.596
08:22:41.982,-0.095,-0.596
08:22:41.984,-0.095,-0.620
08:22:41.986,-0.128,-0.620
08:22:41.988,-0.160,-0.620
08:22:41.99,-0.160,-0.620
08:22:41.992,-0.128,-0.643
08:22:41.994,-0.128,-0.643
08:22:41.996,-0.128,-0.643
08:22:41.998,-0.128,-0.643
08:22:42,-0.128,-0.651
08:22:42.002,-0.128,-0.651
08:22:42.004,-0.128,-0.651
08:22:42.006,-0.128,-0.651
08:22:42.008,-0.095,-0.651
08:22:42.01,-0.095,-0.651
08:22:42.012,-0.095,-0.651
08:22:42.014,-0.095,-0.651
08:22:42.016,-0.095,-0.666
08:22:42.018,-0.095,-0.666
08:22:42.02,-0.095,-0.666
08:22:42.022,-0.095,-0.666
08:22:42.024,-0.095,-0.659
08:22:42.026,-0.062,-0.659
08:22:42.028,-0.062,-0.659
08:22:42.03,-0.062,-0.659
08:22:42.032,-0.062,-0.666
08:22:42.034,-0.062,-0.666
08:22:42.036,-0.062,-0.666
08:22:42.038,-0.030,-0.666
08:22:42.04,0.003,-0.674
08:22:42.042,0.003,-0.674
08:22:42.044,0.003,-0.674
08:22:42.046,0.003,-0.674
08:22:42.048,0.003,-0.666
08:22:42.05,0.003,-0.666
08:22:42.052,-0.030,-0.666
08:22:42.054,-0.030,-0.666
08:22:42.056,-0.030,-0.666
08:22:42.058,-0.030,-0.666
08:22:42.06,0.003,-0.666
08:23:04.944,-0.030,1.024
08:23:04.946,-0.030,1.024
08:23:04.948,-0.030,1.024
08:23:04.95,0.003,1.024
08:23:04.952,0.003,1.024
08:23:04.954,0.003,1.024
08:23:04.956,0.003,1.024
08:23:04.958,0.003,1.024
08:23:04.96,0.003,1.024
08:23:04.962,0.003,1.024
08:23:04.964,0.003,1.024
08:23:04.966,0.003,1.024
08:23:04.968,0.003,1.024
08:23:04.97,0.003,1.024
08:23:04.972,-0.030,1.024
08:23:04.974,-0.030,1.024
08:23:04.976,-0.030,1.024
08:23:04.978,-0.030,1.024
08:23:04.98,-0.030,1.024
08:23:04.982,-0.062,1.024
08:23:04.984,-0.062,1.024
08:23:04.986,-0.062,1.024
08:23:04.988,-0.062,1.024
08:23:04.99,-0.062,1.024
08:23:04.992,-0.062,1.024
08:23:04.994,-0.062,1.024
08:23:04.996,-0.062,1.024
08:23:04.998,-0.062,1.024
08:23:05,-0.062,1.024
08:23:05.002,-0.062,1.024
08:23:05.004,-0.062,1.024
08:23:05.006,-0.062,1.024
08:23:05.008,-0.062,0.984
08:23:05.01,-0.062,0.984
08:23:05.012,-0.062,0.984
08:23:05.014,-0.062,0.984
08:23:05.016,-0.095,0.925
08:23:05.018,-0.095,0.925
08:23:05.02,-0.095,0.925
08:23:05.022,-0.095,0.925
08:23:05.024,-0.095,0.867
08:23:05.026,-0.062,0.867
08:23:05.028,-0.062,0.867
08:23:05.03,-0.095,0.867
08:23:05.032,-0.095,0.816
08:23:05.034,-0.095,0.816
08:23:05.036,-0.095,0.816
08:23:05.038,-0.095,0.816
08:23:05.04,-0.062,0.742
08:23:05.042,-0.062,0.742
08:23:05.044,-0.062,0.742
08:23:05.046,-0.062,0.742
08:23:05.048,-0.095,0.683
08:23:05.05,-0.095,0.683
08:23:05.052,-0.062,0.683
08:23:05.054,-0.062,0.683
08:23:05.056,-0.062,0.625
08:23:05.058,-0.062,0.625
08:23:05.06,-0.062,0.625
08:23:05.062,-0.062,0.625
08:23:05.064,-0.062,0.551
08:23:05.066,-0.062,0.551
08:23:05.068,-0.030,0.551
08:23:05.07,-0.030,0.551
08:23:05.072,-0.030,0.492
08:23:05.074,-0.030,0.492
08:23:05.076,0.003,0.492
08:23:05.078,0.003,0.492
08:23:05.08,0.003,0.433
08:23:05.082,0.003,0.433
08:23:05.084,0.034,0.433
08:23:05.086,0.034,0.433
08:23:05.088,0.034,0.382
08:23:05.09,0.034,0.382
08:23:05.092,0.003,0.382
08:23:05.094,0.003,0.382
08:23:05.096,0.003,0.331
08:23:05.098,-0.062,0.331
08:23:05.1,-0.095,0.331
08:23:05.102,-0.160,0.331
08:23:05.104,-0.226,0.279
08:23:05.106,-0.291,0.279
08:23:05.108,-0.356,0.279
08:23:05.11,-0.421,0.279
08:23:05.112,-0.485,0.242
08:23:05.114,-0.583,0.242
08:23:05.116,-0.746,0.242
08:23:05.118,-0.909,0.242
08:23:05.12,-1.104,0.199
08:23:05.122,-1.267,0.199
08:23:05.124,-1.396,0.199
08:23:05.126,-1.461,0.199
08:23:05.128,-1.527,0.169
08:23:05.13,-1.527,0.169
08:23:05.132,-1.527,0.169
08:23:05.134,-1.527,0.169
08:23:05.136,-1.461,0.133
08:23:05.138,-1.429,0.133
08:23:05.14,-1.429,0.133
08:23:05.142,-1.396,0.133
08:23:05.144,-1.332,0.103
08:23:05.146,-1.300,0.103
08:23:05.148,-1.202,0.103
08:23:05.15,-1.104,0.103
08:23:05.152,-1.006,0.081
08:23:05.154,-0.941,0.081
08:23:05.156,-0.877,0.081
08:23:05.158,-0.779,0.081
08:23:05.16,-0.714,0.044
08:23:05.162,-0.616,0.044
08:23:05.164,-0.550,0.044
08:23:05.166,-0.518,0.044
08:23:05.168,-0.454,0.022
08:23:05.17,-0.421,0.022
08:23:05.172,-0.356,0.022
08:23:05.174,-0.323,0.022
08:23:05.176,-0.291,0.000
08:23:05.178,-0.258,0.000
08:23:05.18,-0.226,0.000
08:23:05.182,-0.226,0.000
08:23:05.184,-0.193,-0.022
08:23:05.186,-0.160,-0.022
08:23:05.188,-0.160,-0.022
08:23:05.19,-0.128,-0.022
08:23:05.192,-0.095,-0.044
08:23:05.194,-0.095,-0.044
08:23:05.196,-0.062,-0.044
08:23:05.198,-0.030,-0.044
08:23:05.2,0.003,-0.073
08:23:05.202,0.003,-0.073
08:23:05.204,0.034,-0.073
08:23:05.206,0.067,-0.073
08:23:05.208,0.099,-0.102
08:23:05.21,0.132,-0.102
08:23:05.212,0.165,-0.102
08:23:05.214,0.165,-0.102
08:23:05.216,0.197,-0.124
08:23:05.218,0.197,-0.124
08:23:05.22,0.197,-0.124
08:23:05.222,0.230,-0.124
08:23:05.224,0.230,-0.154
08:23:05.226,0.230,-0.154
08:23:05.228,0.230,-0.154
08:23:05.23,0.263,-0.154
08:23:05.232,0.263,-0.183
08:23:05.234,0.295,-0.183
08:23:05.236,0.295,-0.183
08:23:05.238,0.295,-0.183
08:23:05.24,0.328,-0.205
08:23:05.242,0.328,-0.205
08:23:05.244,0.328,-0.205
08:23:05.246,0.361,-0.205
08:23:05.248,0.361,-0.228
08:23:05.25,0.361,-0.228
08:23:05.252,0.393,-0.228
08:23:05.254,0.393,-0.228
08:23:05.256,0.426,-0.264
08:23:05.258,0.458,-0.264
08:23:05.26,0.490,-0.264
08:23:05.262,0.490,-0.264
08:23:05.264,0.522,-0.279
08:23:05.266,0.555,-0.279
08:23:05.268,0.555,-0.279
08:23:05.27,0.588,-0.279
08:23:05.272,0.588,-0.301
08:23:05.274,0.620,-0.301
08:23:05.276,0.653,-0.301
08:23:05.278,0.653,-0.301
08:23:05.28,0.685,-0.316
08:23:05.282,0.685,-0.316
08:23:05.284,0.718,-0.316
08:23:05.286,0.751,-0.316
08:23:05.288,0.783,-0.338
08:23:05.29,0.783,-0.338
08:23:05.292,0.816,-0.338
08:23:05.294,0.816,-0.338
08:23:05.296,0.849,-0.359
08:23:05.298,0.881,-0.359
08:23:05.3,0.881,-0.359
08:23:05.302,0.914,-0.359
08:23:05.304,0.914,-0.367
08:23:05.306,0.914,-0.367
08:23:05.308,0.914,-0.367
08:23:05.31,0.945,-0.367
08:23:05.312,0.978,-0.382
08:23:05.314,0.978,-0.382
08:23:05.316,0.978,-0.382
08:23:05.318,0.978,-0.382
08:23:05.32,0.978,-0.411
08:23:05.322,0.978,-0.411
08:23:05.324,0.978,-0.411
08:23:05.326,0.978,-0.411
08:23:05.328,0.978,-0.426
08:23:05.33,0.945,-0.426
08:23:05.332,0.914,-0.426
08:23:05.334,0.914,-0.426
08:23:05.336,0.914,-0.433
08:23:05.338,0.881,-0.433
08:23:05.34,0.849,-0.433
08:23:05.342,0.849,-0.433
08:23:05.344,0.816,-0.455
08:23:05.346,0.783,-0.455
08:23:05.348,0.751,-0.455
08:23:05.35,0.718,-0.455
08:23:05.352,0.685,-0.463
08:23:05.354,0.653,-0.463
08:23:05.356,0.620,-0.463
08:23:05.358,0.588,-0.463
08:23:05.36,0.555,-0.470
08:23:05.362,0.522,-0.470
08:23:05.364,0.490,-0.470
08:23:05.366,0.458,-0.470
08:23:05.368,0.426,-0.463
08:23:05.37,0.393,-0.463
08:23:05.372,0.361,-0.463
08:23:05.374,0.361,-0.463
08:23:05.376,0.328,-0.463
08:23:05.378,0.295,-0.463
08:23:05.38,0.263,-0.463
08:23:05.382,0.230,-0.463
08:23:05.384,0.197,-0.441
08:23:05.386,0.197,-0.441
08:23:05.388,0.165,-0.441
08:23:05.39,0.132,-0.441
08:23:05.392,0.132,-0.404
08:23:05.394,0.099,-0.404
08:23:05.396,0.099,-0.404
08:23:05.398,0.067,-0.404
08:23:05.4,0.034,-0.374
08:23:05.402,0.034,-0.374
08:23:05.404,0.034,-0.374
08:23:05.406,0.034,-0.374
08:23:05.408,0.034,-0.323
08:23:05.41,0.034,-0.323
08:23:05.412,0.034,-0.323
08:23:05.414,0.034,-0.323
08:23:05.416,0.034,-0.272
08:23:05.418,0.034,-0.272
08:23:05.42,0.034,-0.272
08:23:05.422,0.034,-0.272
08:23:05.424,0.034,-0.205
08:23:05.426,0.034,-0.205
08:23:05.428,0.034,-0.205
08:23:05.43,0.034,-0.205
08:23:05.432,0.003,-0.146
08:23:05.434,0.003,-0.146
08:23:05.436,0.003,-0.146
08:23:05.438,0.003,-0.146
08:23:05.44,0.003,-0.096
08:23:05.442,0.003,-0.096
08:23:05.444,-0.030,-0.096
08:23:05.446,-0.030,-0.096
08:23:05.448,-0.030,-0.036
08:23:05.45,-0.030,-0.036
08:23:05.452,-0.030,-0.036
08:23:05.454,-0.030,-0.036
08:23:05.456,-0.030,0.015
08:23:05.458,-0.030,0.015
08:23:05.46,-0.062,0.015
08:23:05.462,-0.062,0.015
08:23:05.464,-0.062,0.044
08:23:05.466,-0.095,0.044
08:23:05.468,-0.095,0.044
08:23:05.47,-0.095,0.044
08:23:05.472,-0.095,0.000
08:23:05.474,-0.095,0.000
08:23:05.476,-0.095,0.000
08:23:05.478,-0.095,0.000
08:23:05.48,-0.128,0.015
08:23:05.482,-0.095,0.015
08:23:05.484,-0.095,0.015
08:23:05.486,-0.128,0.015
08:23:05.488,-0.095,0.022
08:23:05.49,-0.095,0.022
08:23:05.492,-0.095,0.022
08:23:05.494,-0.095,0.022
08:23:05.496,-0.095,0.015
08:23:05.498,-0.095,0.015
08:23:05.5,-0.095,0.015
08:23:05.502,-0.095,0.015
08:23:05.504,-0.095,0.000
08:23:05.506,-0.095,0.000
08:23:05.508,-0.062,0.000
08:23:05.51,-0.062,0.000
08:23:05.512,-0.062,-0.022
08:23:05.514,-0.062,-0.022
08:23:05.516,-0.062,-0.022
08:23:05.518,-0.095,-0.022
08:23:05.52,-0.095,-0.059
08:23:05.522,-0.062,-0.059
08:23:05.524,-0.062,-0.059
08:23:05.526,-0.062,-0.059
08:23:05.528,-0.062,-0.081
08:23:05.53,-0.062,-0.081
08:23:05.532,-0.062,-0.081
08:23:05.534,-0.062,-0.081
08:23:05.536,-0.062,-0.117
08:23:05.538,-0.095,-0.117
08:23:05.54,-0.062,-0.117
08:23:05.542,-0.062,-0.117
08:23:05.544,-0.062,-0.154
08:23:05.546,-0.062,-0.154
08:23:05.548,-0.062,-0.154
08:23:05.55,-0.095,-0.154
08:23:05.552,-0.095,-0.199
08:23:05.554,-0.095,-0.199
08:23:05.556,-0.095,-0.199
08:23:05.558,-0.095,-0.199
08:23:05.56,-0.062,-0.242
08:23:05.562,-0.062,-0.242
08:23:05.564,-0.062,-0.242
08:23:05.566,-0.062,-0.242
08:23:05.568,-0.062,-0.286
08:23:05.57,-0.062,-0.286
08:23:05.572,-0.030,-0.286
08:23:05.574,-0.030,-0.286
08:23:05.576,-0.030,-0.338
08:23:05.578,-0.030,-0.338
08:23:05.58,0.003,-0.338
08:23:05.582,0.003,-0.338
08:23:05.584,0.003,-0.367
08:23:05.586,-0.030,-0.367
